Verified tinyxml2 10.0.0
Verified cgltf 1.15
Verified ufbx 0.23.0
Verified nlohmann/json 3.12.0
Verified libjpeg-turbo (Windows decoder) 3.1.4.1
Verified libpng (Windows decoder) 1.6.58
Verified zlib (Windows decoder) 1.3.2
Verified GeoModelBridge 0.6.0: 7 required declarations and runtime release references agree.
-- Native FileGDB runtime: bundled beside the built writer and installed to bin/native-filegdb (licenses in licenses/filegdb-api)
-- Configuring done (0.9s)
-- Generating done (0.1s)
-- Build files have been written to: C:/Users/Jasper/Documents/Codex/2026-09-20/gen/outputs/GeoModelBridge/build/dae-native
[1/18] C:\WINDOWS\system32\cmd.exe /C "cd /D C:\Users\Jasper\Documents\Codex\2026-09-20\gen\outputs\GeoModelBridge\build\dae-native && C:\Users\Jasper\AppData\Local\Microsoft\WinGet\Packages\BrechtSanders.WinLibs.POSIX.UCRT_Microsoft.Winget.Source_8wekyb3d8bbwe\mingw64\bin\cmake.exe -E make_directory C:/Users/Jasper/Documents/Codex/2026-09-20/gen/outputs/GeoModelBridge/build/dae-native/bin/max-adapter && C:\Users\Jasper\AppData\Local\Microsoft\WinGet\Packages\BrechtSanders.WinLibs.POSIX.UCRT_Microsoft.Winget.Source_8wekyb3d8bbwe\mingw64\bin\cmake.exe -E copy_if_different C:/Users/Jasper/Documents/Codex/2026-09-20/gen/outputs/GeoModelBridge/adapters/3dsmax/worker.py C:/Users/Jasper/Documents/Codex/2026-09-20/gen/outputs/GeoModelBridge/build/dae-native/bin/max-adapter/worker.py"
[2/18] Copying official FileGDB runtime beside the native writer
[3/18] Building C object CMakeFiles\gmb_png_decoder.dir\third_party\libpng\pngset.c.obj
[4/18] Building C object CMakeFiles\gmb_png_decoder.dir\third_party\libpng\pngmem.c.obj
[5/18] Building C object CMakeFiles\gmb_png_decoder.dir\third_party\libpng\pngerror.c.obj
[6/18] Building C object CMakeFiles\gmb_png_decoder.dir\third_party\libpng\pngpread.c.obj
[7/18] Building C object CMakeFiles\gmb_png_decoder.dir\third_party\libpng\pngtrans.c.obj
[8/18] Building C object CMakeFiles\gmb_png_decoder.dir\third_party\libpng\pngread.c.obj
[9/18] Building C object CMakeFiles\gmb_png_decoder.dir\third_party\libpng\png.c.obj
[10/18] Building C object CMakeFiles\gmb_png_decoder.dir\third_party\libpng\pngget.c.obj
[11/18] Building C object CMakeFiles\gmb_png_decoder.dir\third_party\libpng\pngrio.c.obj
[12/18] Building C object CMakeFiles\gmb_png_decoder.dir\third_party\libpng\pngrutil.c.obj
[13/18] Building C object CMakeFiles\gmb_png_decoder.dir\third_party\libpng\pngrtran.c.obj
[14/18] Linking C static library gmb_png_decoder.lib
[15/18] Building CXX object CMakeFiles\GeoModelBridge.NativeWriter.dir\backends\native-filegdb\images_png.cpp.obj
[16/18] Linking CXX executable bin\native-filegdb\GeoModelBridge.NativeWriter.exe
[17/18] Building CXX object CMakeFiles\gmb_core_tests.dir\tests\core_tests.cpp.obj
[18/18] Linking CXX executable bin\gmb_core_tests.exe
Test project C:/Users/Jasper/Documents/Codex/2026-09-20/gen/outputs/GeoModelBridge/build/dae-native
      Start  1: core
 1/18 Test  #1: core .............................   Passed    0.23 sec
      Start  2: output_safety
 2/18 Test  #2: output_safety ....................   Passed    0.25 sec
      Start  3: cli
 3/18 Test  #3: cli ..............................   Passed    2.01 sec
      Start  4: reader_integration
 4/18 Test  #4: reader_integration ...............   Passed    0.47 sec
      Start  5: binary_fbx
 5/18 Test  #5: binary_fbx .......................   Passed    0.19 sec
      Start  6: obj_integration
 6/18 Test  #6: obj_integration ..................   Passed    0.31 sec
      Start  7: glb_integration
 7/18 Test  #7: glb_integration ..................   Passed    0.63 sec
      Start  8: gltf_integration
 8/18 Test  #8: gltf_integration .................   Passed    0.39 sec
      Start  9: wrl_integration
 9/18 Test  #9: wrl_integration ..................   Passed    0.83 sec
      Start 10: dae_integration
10/18 Test #10: dae_integration ..................   Passed    4.04 sec
      Start 11: profile_integration
11/18 Test #11: profile_integration ..............   Passed    2.97 sec
      Start 12: missing_textures
12/18 Test #12: missing_textures .................   Passed    0.63 sec
      Start 13: normal_repair
13/18 Test #13: normal_repair ....................   Passed    0.41 sec
      Start 14: python_client
14/18 Test #14: python_client ....................   Passed    4.98 sec
      Start 15: max_worker_policy
15/18 Test #15: max_worker_policy ................   Passed    0.22 sec
      Start 16: max_adapter
16/18 Test #16: max_adapter ......................   Passed    2.74 sec
      Start 17: native_runtime
17/18 Test #17: native_runtime ...................   Passed    0.23 sec
      Start 18: native_build_layout
18/18 Test #18: native_build_layout ..............   Passed    1.91 sec

100% tests passed, 0 tests failed out of 18

Total Test time (real) =  23.52 sec
-- Install configuration: "Release"
-- Installing: C:\Users\Jasper\Documents\Codex\2026-09-20\gen\outputs\GeoModelBridge\releases\Preflight-20261003/bin/max-adapter/worker.py
-- Installing: C:\Users\Jasper\Documents\Codex\2026-09-20\gen\outputs\GeoModelBridge\releases\Preflight-20261003/bin/geomodelbridge.exe
-- Installing: C:\Users\Jasper\Documents\Codex\2026-09-20\gen\outputs\GeoModelBridge\releases\Preflight-20261003/bin/demo/textured_quad.fbx
-- Installing: C:\Users\Jasper\Documents\Codex\2026-09-20\gen\outputs\GeoModelBridge\releases\Preflight-20261003/bin/demo/textured_quad.obj
-- Installing: C:\Users\Jasper\Documents\Codex\2026-09-20\gen\outputs\GeoModelBridge\releases\Preflight-20261003/bin/demo/textured_quad.mtl
-- Installing: C:\Users\Jasper\Documents\Codex\2026-09-20\gen\outputs\GeoModelBridge\releases\Preflight-20261003/bin/demo/textured_quad.glb
-- Installing: C:\Users\Jasper\Documents\Codex\2026-09-20\gen\outputs\GeoModelBridge\releases\Preflight-20261003/bin/demo/textured_quad.gltf
-- Installing: C:\Users\Jasper\Documents\Codex\2026-09-20\gen\outputs\GeoModelBridge\releases\Preflight-20261003/bin/demo/textured_quad.bin
-- Installing: C:\Users\Jasper\Documents\Codex\2026-09-20\gen\outputs\GeoModelBridge\releases\Preflight-20261003/bin/demo/textured_quad.wrl
-- Installing: C:\Users\Jasper\Documents\Codex\2026-09-20\gen\outputs\GeoModelBridge\releases\Preflight-20261003/bin/demo/checker.png
-- Installing: C:\Users\Jasper\Documents\Codex\2026-09-20\gen\outputs\GeoModelBridge\releases\Preflight-20261003/licenses/cgltf/LICENSE
-- Installing: C:\Users\Jasper\Documents\Codex\2026-09-20\gen\outputs\GeoModelBridge\releases\Preflight-20261003/licenses/tinyxml2/LICENSE.txt
-- Installing: C:\Users\Jasper\Documents\Codex\2026-09-20\gen\outputs\GeoModelBridge\releases\Preflight-20261003/bin/demo/textured_quad.dae
-- Installing: C:\Users\Jasper\Documents\Codex\2026-09-20\gen\outputs\GeoModelBridge\releases\Preflight-20261003/python/geomodelbridge
-- Installing: C:\Users\Jasper\Documents\Codex\2026-09-20\gen\outputs\GeoModelBridge\releases\Preflight-20261003/python/geomodelbridge/client.py
-- Installing: C:\Users\Jasper\Documents\Codex\2026-09-20\gen\outputs\GeoModelBridge\releases\Preflight-20261003/python/geomodelbridge/_version.py
-- Installing: C:\Users\Jasper\Documents\Codex\2026-09-20\gen\outputs\GeoModelBridge\releases\Preflight-20261003/python/geomodelbridge/__init__.py
-- Installing: C:\Users\Jasper\Documents\Codex\2026-09-20\gen\outputs\GeoModelBridge\releases\Preflight-20261003/python/examples/convert_fbx.py
-- Installing: C:\Users\Jasper\Documents\Codex\2026-09-20\gen\outputs\GeoModelBridge\releases\Preflight-20261003/licenses/libpng/LICENSE
-- Installing: C:\Users\Jasper\Documents\Codex\2026-09-20\gen\outputs\GeoModelBridge\releases\Preflight-20261003/licenses/zlib/LICENSE
-- Installing: C:\Users\Jasper\Documents\Codex\2026-09-20\gen\outputs\GeoModelBridge\releases\Preflight-20261003/licenses/libjpeg-turbo/LICENSE.md
-- Installing: C:\Users\Jasper\Documents\Codex\2026-09-20\gen\outputs\GeoModelBridge\releases\Preflight-20261003/licenses/libjpeg-turbo/README.ijg
-- Installing: C:\Users\Jasper\Documents\Codex\2026-09-20\gen\outputs\GeoModelBridge\releases\Preflight-20261003/bin/native-filegdb/GeoModelBridge.NativeWriter.exe
-- Installing: C:\Users\Jasper\Documents\Codex\2026-09-20\gen\outputs\GeoModelBridge\releases\Preflight-20261003/bin/native-filegdb/FileGDBAPI.dll
-- Installing: C:\Users\Jasper\Documents\Codex\2026-09-20\gen\outputs\GeoModelBridge\releases\Preflight-20261003/licenses/filegdb-api/Apache License.pdf
-- Installing: C:\Users\Jasper\Documents\Codex\2026-09-20\gen\outputs\GeoModelBridge\releases\Preflight-20261003/licenses/filegdb-api/userestrictions.txt
-- Installing: C:\Users\Jasper\Documents\Codex\2026-09-20\gen\outputs\GeoModelBridge\releases\Preflight-20261003/licenses/filegdb-api/README-windows_VS2022.txt
-- Installing: C:\Users\Jasper\Documents\Codex\2026-09-20\gen\outputs\GeoModelBridge\releases\Preflight-20261003/licenses/filegdb-api/sdk-sources.json
-- Installing: C:\Users\Jasper\Documents\Codex\2026-09-20\gen\outputs\GeoModelBridge\releases\Preflight-20261003/./docs
-- Installing: C:\Users\Jasper\Documents\Codex\2026-09-20\gen\outputs\GeoModelBridge\releases\Preflight-20261003/./docs/acceptance.md
-- Installing: C:\Users\Jasper\Documents\Codex\2026-09-20\gen\outputs\GeoModelBridge\releases\Preflight-20261003/./docs/architecture.md
-- Installing: C:\Users\Jasper\Documents\Codex\2026-09-20\gen\outputs\GeoModelBridge\releases\Preflight-20261003/./docs/build-and-release.md
-- Installing: C:\Users\Jasper\Documents\Codex\2026-09-20\gen\outputs\GeoModelBridge\releases\Preflight-20261003/./docs/bundle-format.md
-- Installing: C:\Users\Jasper\Documents\Codex\2026-09-20\gen\outputs\GeoModelBridge\releases\Preflight-20261003/./docs/command-line.md
-- Installing: C:\Users\Jasper\Documents\Codex\2026-09-20\gen\outputs\GeoModelBridge\releases\Preflight-20261003/./docs/compatibility.md
-- Installing: C:\Users\Jasper\Documents\Codex\2026-09-20\gen\outputs\GeoModelBridge\releases\Preflight-20261003/./docs/dae.md
-- Installing: C:\Users\Jasper\Documents\Codex\2026-09-20\gen\outputs\GeoModelBridge\releases\Preflight-20261003/./docs/evidence
-- Installing: C:\Users\Jasper\Documents\Codex\2026-09-20\gen\outputs\GeoModelBridge\releases\Preflight-20261003/./docs/evidence/boundary-2026-10-03
-- Installing: C:\Users\Jasper\Documents\Codex\2026-09-20\gen\outputs\GeoModelBridge\releases\Preflight-20261003/./docs/evidence/boundary-2026-10-03/dae-baseline.json
-- Installing: C:\Users\Jasper\Documents\Codex\2026-09-20\gen\outputs\GeoModelBridge\releases\Preflight-20261003/./docs/evidence/boundary-2026-10-03/fragmented-dae-native.json
-- Installing: C:\Users\Jasper\Documents\Codex\2026-09-20\gen\outputs\GeoModelBridge\releases\Preflight-20261003/./docs/evidence/boundary-2026-10-03/fragmented-dae-native.log
-- Installing: C:\Users\Jasper\Documents\Codex\2026-09-20\gen\outputs\GeoModelBridge\releases\Preflight-20261003/./docs/evidence/boundary-2026-10-03/gui-baseline.json
-- Installing: C:\Users\Jasper\Documents\Codex\2026-09-20\gen\outputs\GeoModelBridge\releases\Preflight-20261003/./docs/evidence/boundary-2026-10-03/implementation-sha256.json
-- Installing: C:\Users\Jasper\Documents\Codex\2026-09-20\gen\outputs\GeoModelBridge\releases\Preflight-20261003/./docs/evidence/boundary-2026-10-03/python-baseline-contract.log
-- Installing: C:\Users\Jasper\Documents\Codex\2026-09-20\gen\outputs\GeoModelBridge\releases\Preflight-20261003/./docs/evidence/boundary-2026-10-03/ubuntu-benchmark.json
-- Installing: C:\Users\Jasper\Documents\Codex\2026-09-20\gen\outputs\GeoModelBridge\releases\Preflight-20261003/./docs/evidence/boundary-2026-10-03/ubuntu-build.log
-- Installing: C:\Users\Jasper\Documents\Codex\2026-09-20\gen\outputs\GeoModelBridge\releases\Preflight-20261003/./docs/evidence/boundary-2026-10-03/ubuntu-ctest.log
-- Installing: C:\Users\Jasper\Documents\Codex\2026-09-20\gen\outputs\GeoModelBridge\releases\Preflight-20261003/./docs/evidence/boundary-2026-10-03/ubuntu-dependencies.log
-- Installing: C:\Users\Jasper\Documents\Codex\2026-09-20\gen\outputs\GeoModelBridge\releases\Preflight-20261003/./docs/evidence/boundary-2026-10-03/ubuntu-deployment.json
-- Installing: C:\Users\Jasper\Documents\Codex\2026-09-20\gen\outputs\GeoModelBridge\releases\Preflight-20261003/./docs/evidence/boundary-2026-10-03/ubuntu-deployment.log
-- Installing: C:\Users\Jasper\Documents\Codex\2026-09-20\gen\outputs\GeoModelBridge\releases\Preflight-20261003/./docs/evidence/boundary-2026-10-03/ubuntu-native.json
-- Installing: C:\Users\Jasper\Documents\Codex\2026-09-20\gen\outputs\GeoModelBridge\releases\Preflight-20261003/./docs/evidence/boundary-2026-10-03/ubuntu-native.log
-- Installing: C:\Users\Jasper\Documents\Codex\2026-09-20\gen\outputs\GeoModelBridge\releases\Preflight-20261003/./docs/evidence/boundary-2026-10-03/ubuntu-python-client.json
-- Installing: C:\Users\Jasper\Documents\Codex\2026-09-20\gen\outputs\GeoModelBridge\releases\Preflight-20261003/./docs/evidence/boundary-2026-10-03/ubuntu-python-client.log
-- Installing: C:\Users\Jasper\Documents\Codex\2026-09-20\gen\outputs\GeoModelBridge\releases\Preflight-20261003/./docs/evidence/boundary-2026-10-03/ubuntu-python-contract.log
-- Installing: C:\Users\Jasper\Documents\Codex\2026-09-20\gen\outputs\GeoModelBridge\releases\Preflight-20261003/./docs/evidence/boundary-2026-10-03/ubuntu-version.log
-- Installing: C:\Users\Jasper\Documents\Codex\2026-09-20\gen\outputs\GeoModelBridge\releases\Preflight-20261003/./docs/evidence/boundary-2026-10-03/windows-benchmark.json
-- Installing: C:\Users\Jasper\Documents\Codex\2026-09-20\gen\outputs\GeoModelBridge\releases\Preflight-20261003/./docs/evidence/boundary-2026-10-03/windows-build.log
-- Installing: C:\Users\Jasper\Documents\Codex\2026-09-20\gen\outputs\GeoModelBridge\releases\Preflight-20261003/./docs/evidence/boundary-2026-10-03/windows-ctest.log
-- Installing: C:\Users\Jasper\Documents\Codex\2026-09-20\gen\outputs\GeoModelBridge\releases\Preflight-20261003/./docs/evidence/boundary-2026-10-03/windows-dependencies.log
-- Installing: C:\Users\Jasper\Documents\Codex\2026-09-20\gen\outputs\GeoModelBridge\releases\Preflight-20261003/./docs/evidence/boundary-2026-10-03/windows-deployment.json
-- Installing: C:\Users\Jasper\Documents\Codex\2026-09-20\gen\outputs\GeoModelBridge\releases\Preflight-20261003/./docs/evidence/boundary-2026-10-03/windows-deployment.log
-- Installing: C:\Users\Jasper\Documents\Codex\2026-09-20\gen\outputs\GeoModelBridge\releases\Preflight-20261003/./docs/evidence/boundary-2026-10-03/windows-gui.json
-- Installing: C:\Users\Jasper\Documents\Codex\2026-09-20\gen\outputs\GeoModelBridge\releases\Preflight-20261003/./docs/evidence/boundary-2026-10-03/windows-gui.log
-- Installing: C:\Users\Jasper\Documents\Codex\2026-09-20\gen\outputs\GeoModelBridge\releases\Preflight-20261003/./docs/evidence/boundary-2026-10-03/windows-native.json
-- Installing: C:\Users\Jasper\Documents\Codex\2026-09-20\gen\outputs\GeoModelBridge\releases\Preflight-20261003/./docs/evidence/boundary-2026-10-03/windows-native.log
-- Installing: C:\Users\Jasper\Documents\Codex\2026-09-20\gen\outputs\GeoModelBridge\releases\Preflight-20261003/./docs/evidence/boundary-2026-10-03/windows-python-client.json
-- Installing: C:\Users\Jasper\Documents\Codex\2026-09-20\gen\outputs\GeoModelBridge\releases\Preflight-20261003/./docs/evidence/boundary-2026-10-03/windows-python-client.log
-- Installing: C:\Users\Jasper\Documents\Codex\2026-09-20\gen\outputs\GeoModelBridge\releases\Preflight-20261003/./docs/evidence/boundary-2026-10-03/windows-python-contract.log
-- Installing: C:\Users\Jasper\Documents\Codex\2026-09-20\gen\outputs\GeoModelBridge\releases\Preflight-20261003/./docs/evidence/boundary-2026-10-03/windows-version.log
-- Installing: C:\Users\Jasper\Documents\Codex\2026-09-20\gen\outputs\GeoModelBridge\releases\Preflight-20261003/./docs/evidence/core-tests.log
-- Installing: C:\Users\Jasper\Documents\Codex\2026-09-20\gen\outputs\GeoModelBridge\releases\Preflight-20261003/./docs/evidence/dae-2026-09-30
-- Installing: C:\Users\Jasper\Documents\Codex\2026-09-20\gen\outputs\GeoModelBridge\releases\Preflight-20261003/./docs/evidence/dae-2026-09-30/source-sha256.json
-- Installing: C:\Users\Jasper\Documents\Codex\2026-09-20\gen\outputs\GeoModelBridge\releases\Preflight-20261003/./docs/evidence/dae-2026-09-30/ubuntu-build-final.log
-- Installing: C:\Users\Jasper\Documents\Codex\2026-09-20\gen\outputs\GeoModelBridge\releases\Preflight-20261003/./docs/evidence/dae-2026-09-30/ubuntu-build-initial.log
-- Installing: C:\Users\Jasper\Documents\Codex\2026-09-20\gen\outputs\GeoModelBridge\releases\Preflight-20261003/./docs/evidence/dae-2026-09-30/ubuntu-ctest.log
-- Installing: C:\Users\Jasper\Documents\Codex\2026-09-20\gen\outputs\GeoModelBridge\releases\Preflight-20261003/./docs/evidence/dae-2026-09-30/ubuntu-dependencies.log
-- Installing: C:\Users\Jasper\Documents\Codex\2026-09-20\gen\outputs\GeoModelBridge\releases\Preflight-20261003/./docs/evidence/dae-2026-09-30/ubuntu-deployment.json
-- Installing: C:\Users\Jasper\Documents\Codex\2026-09-20\gen\outputs\GeoModelBridge\releases\Preflight-20261003/./docs/evidence/dae-2026-09-30/ubuntu-deployment.log
-- Installing: C:\Users\Jasper\Documents\Codex\2026-09-20\gen\outputs\GeoModelBridge\releases\Preflight-20261003/./docs/evidence/dae-2026-09-30/ubuntu-examples.log
-- Installing: C:\Users\Jasper\Documents\Codex\2026-09-20\gen\outputs\GeoModelBridge\releases\Preflight-20261003/./docs/evidence/dae-2026-09-30/ubuntu-native.json
-- Installing: C:\Users\Jasper\Documents\Codex\2026-09-20\gen\outputs\GeoModelBridge\releases\Preflight-20261003/./docs/evidence/dae-2026-09-30/ubuntu-native.log
-- Installing: C:\Users\Jasper\Documents\Codex\2026-09-20\gen\outputs\GeoModelBridge\releases\Preflight-20261003/./docs/evidence/dae-2026-09-30/ubuntu-package.log
-- Installing: C:\Users\Jasper\Documents\Codex\2026-09-20\gen\outputs\GeoModelBridge\releases\Preflight-20261003/./docs/evidence/dae-2026-09-30/ubuntu-python-client.json
-- Installing: C:\Users\Jasper\Documents\Codex\2026-09-20\gen\outputs\GeoModelBridge\releases\Preflight-20261003/./docs/evidence/dae-2026-09-30/ubuntu-python-client.log
-- Installing: C:\Users\Jasper\Documents\Codex\2026-09-20\gen\outputs\GeoModelBridge\releases\Preflight-20261003/./docs/evidence/dae-2026-09-30/ubuntu-source-match.json
-- Installing: C:\Users\Jasper\Documents\Codex\2026-09-20\gen\outputs\GeoModelBridge\releases\Preflight-20261003/./docs/evidence/dae-2026-09-30/ubuntu-version.log
-- Installing: C:\Users\Jasper\Documents\Codex\2026-09-20\gen\outputs\GeoModelBridge\releases\Preflight-20261003/./docs/evidence/dae-2026-09-30/windows-build.log
-- Installing: C:\Users\Jasper\Documents\Codex\2026-09-20\gen\outputs\GeoModelBridge\releases\Preflight-20261003/./docs/evidence/dae-2026-09-30/windows-ctest.log
-- Installing: C:\Users\Jasper\Documents\Codex\2026-09-20\gen\outputs\GeoModelBridge\releases\Preflight-20261003/./docs/evidence/dae-2026-09-30/windows-deployment.json
-- Installing: C:\Users\Jasper\Documents\Codex\2026-09-20\gen\outputs\GeoModelBridge\releases\Preflight-20261003/./docs/evidence/dae-2026-09-30/windows-deployment.log
-- Installing: C:\Users\Jasper\Documents\Codex\2026-09-20\gen\outputs\GeoModelBridge\releases\Preflight-20261003/./docs/evidence/dae-2026-09-30/windows-examples.log
-- Installing: C:\Users\Jasper\Documents\Codex\2026-09-20\gen\outputs\GeoModelBridge\releases\Preflight-20261003/./docs/evidence/dae-2026-09-30/windows-gui-long-path-failure.json
-- Installing: C:\Users\Jasper\Documents\Codex\2026-09-20\gen\outputs\GeoModelBridge\releases\Preflight-20261003/./docs/evidence/dae-2026-09-30/windows-gui-long-path-failure.log
-- Installing: C:\Users\Jasper\Documents\Codex\2026-09-20\gen\outputs\GeoModelBridge\releases\Preflight-20261003/./docs/evidence/dae-2026-09-30/windows-gui.json
-- Installing: C:\Users\Jasper\Documents\Codex\2026-09-20\gen\outputs\GeoModelBridge\releases\Preflight-20261003/./docs/evidence/dae-2026-09-30/windows-gui.log
-- Installing: C:\Users\Jasper\Documents\Codex\2026-09-20\gen\outputs\GeoModelBridge\releases\Preflight-20261003/./docs/evidence/dae-2026-09-30/windows-native.json
-- Installing: C:\Users\Jasper\Documents\Codex\2026-09-20\gen\outputs\GeoModelBridge\releases\Preflight-20261003/./docs/evidence/dae-2026-09-30/windows-native.log
-- Installing: C:\Users\Jasper\Documents\Codex\2026-09-20\gen\outputs\GeoModelBridge\releases\Preflight-20261003/./docs/evidence/dae-2026-09-30/windows-package.log
-- Installing: C:\Users\Jasper\Documents\Codex\2026-09-20\gen\outputs\GeoModelBridge\releases\Preflight-20261003/./docs/evidence/dae-2026-09-30/windows-python-client.json
-- Installing: C:\Users\Jasper\Documents\Codex\2026-09-20\gen\outputs\GeoModelBridge\releases\Preflight-20261003/./docs/evidence/dae-2026-09-30/windows-python-client.log
-- Installing: C:\Users\Jasper\Documents\Codex\2026-09-20\gen\outputs\GeoModelBridge\releases\Preflight-20261003/./docs/evidence/dae-2026-09-30/windows-source-match.json
-- Installing: C:\Users\Jasper\Documents\Codex\2026-09-20\gen\outputs\GeoModelBridge\releases\Preflight-20261003/./docs/evidence/dae-optimization-2026-10-02
-- Installing: C:\Users\Jasper\Documents\Codex\2026-09-20\gen\outputs\GeoModelBridge\releases\Preflight-20261003/./docs/evidence/dae-optimization-2026-10-02/baseline-regression.log
-- Installing: C:\Users\Jasper\Documents\Codex\2026-09-20\gen\outputs\GeoModelBridge\releases\Preflight-20261003/./docs/evidence/dae-optimization-2026-10-02/implementation-sha256.json
-- Installing: C:\Users\Jasper\Documents\Codex\2026-09-20\gen\outputs\GeoModelBridge\releases\Preflight-20261003/./docs/evidence/dae-optimization-2026-10-02/ubuntu-benchmark.json
-- Installing: C:\Users\Jasper\Documents\Codex\2026-09-20\gen\outputs\GeoModelBridge\releases\Preflight-20261003/./docs/evidence/dae-optimization-2026-10-02/ubuntu-build.log
-- Installing: C:\Users\Jasper\Documents\Codex\2026-09-20\gen\outputs\GeoModelBridge\releases\Preflight-20261003/./docs/evidence/dae-optimization-2026-10-02/ubuntu-bundle-equivalence.json
-- Installing: C:\Users\Jasper\Documents\Codex\2026-09-20\gen\outputs\GeoModelBridge\releases\Preflight-20261003/./docs/evidence/dae-optimization-2026-10-02/ubuntu-ctest.log
-- Installing: C:\Users\Jasper\Documents\Codex\2026-09-20\gen\outputs\GeoModelBridge\releases\Preflight-20261003/./docs/evidence/dae-optimization-2026-10-02/ubuntu-dependencies.log
-- Installing: C:\Users\Jasper\Documents\Codex\2026-09-20\gen\outputs\GeoModelBridge\releases\Preflight-20261003/./docs/evidence/dae-optimization-2026-10-02/ubuntu-deployment.json
-- Installing: C:\Users\Jasper\Documents\Codex\2026-09-20\gen\outputs\GeoModelBridge\releases\Preflight-20261003/./docs/evidence/dae-optimization-2026-10-02/ubuntu-deployment.log
-- Installing: C:\Users\Jasper\Documents\Codex\2026-09-20\gen\outputs\GeoModelBridge\releases\Preflight-20261003/./docs/evidence/dae-optimization-2026-10-02/ubuntu-native.json
-- Installing: C:\Users\Jasper\Documents\Codex\2026-09-20\gen\outputs\GeoModelBridge\releases\Preflight-20261003/./docs/evidence/dae-optimization-2026-10-02/ubuntu-native.log
-- Installing: C:\Users\Jasper\Documents\Codex\2026-09-20\gen\outputs\GeoModelBridge\releases\Preflight-20261003/./docs/evidence/dae-optimization-2026-10-02/ubuntu-python-client.json
-- Installing: C:\Users\Jasper\Documents\Codex\2026-09-20\gen\outputs\GeoModelBridge\releases\Preflight-20261003/./docs/evidence/dae-optimization-2026-10-02/ubuntu-python-client.log
-- Installing: C:\Users\Jasper\Documents\Codex\2026-09-20\gen\outputs\GeoModelBridge\releases\Preflight-20261003/./docs/evidence/dae-optimization-2026-10-02/ubuntu-version.log
-- Installing: C:\Users\Jasper\Documents\Codex\2026-09-20\gen\outputs\GeoModelBridge\releases\Preflight-20261003/./docs/evidence/dae-optimization-2026-10-02/windows-benchmark.json
-- Installing: C:\Users\Jasper\Documents\Codex\2026-09-20\gen\outputs\GeoModelBridge\releases\Preflight-20261003/./docs/evidence/dae-optimization-2026-10-02/windows-build.log
-- Installing: C:\Users\Jasper\Documents\Codex\2026-09-20\gen\outputs\GeoModelBridge\releases\Preflight-20261003/./docs/evidence/dae-optimization-2026-10-02/windows-bundle-equivalence.json
-- Installing: C:\Users\Jasper\Documents\Codex\2026-09-20\gen\outputs\GeoModelBridge\releases\Preflight-20261003/./docs/evidence/dae-optimization-2026-10-02/windows-ctest.log
-- Installing: C:\Users\Jasper\Documents\Codex\2026-09-20\gen\outputs\GeoModelBridge\releases\Preflight-20261003/./docs/evidence/dae-optimization-2026-10-02/windows-dependencies.log
-- Installing: C:\Users\Jasper\Documents\Codex\2026-09-20\gen\outputs\GeoModelBridge\releases\Preflight-20261003/./docs/evidence/dae-optimization-2026-10-02/windows-deployment.json
-- Installing: C:\Users\Jasper\Documents\Codex\2026-09-20\gen\outputs\GeoModelBridge\releases\Preflight-20261003/./docs/evidence/dae-optimization-2026-10-02/windows-deployment.log
-- Installing: C:\Users\Jasper\Documents\Codex\2026-09-20\gen\outputs\GeoModelBridge\releases\Preflight-20261003/./docs/evidence/dae-optimization-2026-10-02/windows-gui.json
-- Installing: C:\Users\Jasper\Documents\Codex\2026-09-20\gen\outputs\GeoModelBridge\releases\Preflight-20261003/./docs/evidence/dae-optimization-2026-10-02/windows-gui.log
-- Installing: C:\Users\Jasper\Documents\Codex\2026-09-20\gen\outputs\GeoModelBridge\releases\Preflight-20261003/./docs/evidence/dae-optimization-2026-10-02/windows-native.json
-- Installing: C:\Users\Jasper\Documents\Codex\2026-09-20\gen\outputs\GeoModelBridge\releases\Preflight-20261003/./docs/evidence/dae-optimization-2026-10-02/windows-native.log
-- Installing: C:\Users\Jasper\Documents\Codex\2026-09-20\gen\outputs\GeoModelBridge\releases\Preflight-20261003/./docs/evidence/dae-optimization-2026-10-02/windows-python-client.json
-- Installing: C:\Users\Jasper\Documents\Codex\2026-09-20\gen\outputs\GeoModelBridge\releases\Preflight-20261003/./docs/evidence/dae-optimization-2026-10-02/windows-python-client.log
-- Installing: C:\Users\Jasper\Documents\Codex\2026-09-20\gen\outputs\GeoModelBridge\releases\Preflight-20261003/./docs/evidence/dae-optimization-2026-10-02/windows-version.log
-- Installing: C:\Users\Jasper\Documents\Codex\2026-09-20\gen\outputs\GeoModelBridge\releases\Preflight-20261003/./docs/evidence/max-hardening-2026-09-27
-- Installing: C:\Users\Jasper\Documents\Codex\2026-09-20\gen\outputs\GeoModelBridge\releases\Preflight-20261003/./docs/evidence/max-hardening-2026-09-27/source-sha256.json
-- Installing: C:\Users\Jasper\Documents\Codex\2026-09-20\gen\outputs\GeoModelBridge\releases\Preflight-20261003/./docs/evidence/max-hardening-2026-09-27/ubuntu-build.log
-- Installing: C:\Users\Jasper\Documents\Codex\2026-09-20\gen\outputs\GeoModelBridge\releases\Preflight-20261003/./docs/evidence/max-hardening-2026-09-27/ubuntu-dependencies.log
-- Installing: C:\Users\Jasper\Documents\Codex\2026-09-20\gen\outputs\GeoModelBridge\releases\Preflight-20261003/./docs/evidence/max-hardening-2026-09-27/ubuntu-deployment.json
-- Installing: C:\Users\Jasper\Documents\Codex\2026-09-20\gen\outputs\GeoModelBridge\releases\Preflight-20261003/./docs/evidence/max-hardening-2026-09-27/ubuntu-deployment.log
-- Installing: C:\Users\Jasper\Documents\Codex\2026-09-20\gen\outputs\GeoModelBridge\releases\Preflight-20261003/./docs/evidence/max-hardening-2026-09-27/ubuntu-native.json
-- Installing: C:\Users\Jasper\Documents\Codex\2026-09-20\gen\outputs\GeoModelBridge\releases\Preflight-20261003/./docs/evidence/max-hardening-2026-09-27/ubuntu-native.log
-- Installing: C:\Users\Jasper\Documents\Codex\2026-09-20\gen\outputs\GeoModelBridge\releases\Preflight-20261003/./docs/evidence/max-hardening-2026-09-27/ubuntu-normals.log
-- Installing: C:\Users\Jasper\Documents\Codex\2026-09-20\gen\outputs\GeoModelBridge\releases\Preflight-20261003/./docs/evidence/max-hardening-2026-09-27/ubuntu-python-client.json
-- Installing: C:\Users\Jasper\Documents\Codex\2026-09-20\gen\outputs\GeoModelBridge\releases\Preflight-20261003/./docs/evidence/max-hardening-2026-09-27/ubuntu-python-client.log
-- Installing: C:\Users\Jasper\Documents\Codex\2026-09-20\gen\outputs\GeoModelBridge\releases\Preflight-20261003/./docs/evidence/max-hardening-2026-09-27/ubuntu-python-unit.log
-- Installing: C:\Users\Jasper\Documents\Codex\2026-09-20\gen\outputs\GeoModelBridge\releases\Preflight-20261003/./docs/evidence/max-hardening-2026-09-27/ubuntu-source-match.json
-- Installing: C:\Users\Jasper\Documents\Codex\2026-09-20\gen\outputs\GeoModelBridge\releases\Preflight-20261003/./docs/evidence/max-hardening-2026-09-27/ubuntu-textures.log
-- Installing: C:\Users\Jasper\Documents\Codex\2026-09-20\gen\outputs\GeoModelBridge\releases\Preflight-20261003/./docs/evidence/max-hardening-2026-09-27/ubuntu-version.log
-- Installing: C:\Users\Jasper\Documents\Codex\2026-09-20\gen\outputs\GeoModelBridge\releases\Preflight-20261003/./docs/evidence/max-hardening-2026-09-27/windows-build.log
-- Installing: C:\Users\Jasper\Documents\Codex\2026-09-20\gen\outputs\GeoModelBridge\releases\Preflight-20261003/./docs/evidence/max-hardening-2026-09-27/windows-dependencies.log
-- Installing: C:\Users\Jasper\Documents\Codex\2026-09-20\gen\outputs\GeoModelBridge\releases\Preflight-20261003/./docs/evidence/max-hardening-2026-09-27/windows-deployment.json
-- Installing: C:\Users\Jasper\Documents\Codex\2026-09-20\gen\outputs\GeoModelBridge\releases\Preflight-20261003/./docs/evidence/max-hardening-2026-09-27/windows-gui.json
-- Installing: C:\Users\Jasper\Documents\Codex\2026-09-20\gen\outputs\GeoModelBridge\releases\Preflight-20261003/./docs/evidence/max-hardening-2026-09-27/windows-gui.log
-- Installing: C:\Users\Jasper\Documents\Codex\2026-09-20\gen\outputs\GeoModelBridge\releases\Preflight-20261003/./docs/evidence/max-hardening-2026-09-27/windows-max-native.log
-- Installing: C:\Users\Jasper\Documents\Codex\2026-09-20\gen\outputs\GeoModelBridge\releases\Preflight-20261003/./docs/evidence/max-hardening-2026-09-27/windows-max-protocol-native.json
-- Installing: C:\Users\Jasper\Documents\Codex\2026-09-20\gen\outputs\GeoModelBridge\releases\Preflight-20261003/./docs/evidence/max-hardening-2026-09-27/windows-native.json
-- Installing: C:\Users\Jasper\Documents\Codex\2026-09-20\gen\outputs\GeoModelBridge\releases\Preflight-20261003/./docs/evidence/max-hardening-2026-09-27/windows-native.log
-- Installing: C:\Users\Jasper\Documents\Codex\2026-09-20\gen\outputs\GeoModelBridge\releases\Preflight-20261003/./docs/evidence/max-hardening-2026-09-27/windows-normals.log
-- Installing: C:\Users\Jasper\Documents\Codex\2026-09-20\gen\outputs\GeoModelBridge\releases\Preflight-20261003/./docs/evidence/max-hardening-2026-09-27/windows-python-client.json
-- Installing: C:\Users\Jasper\Documents\Codex\2026-09-20\gen\outputs\GeoModelBridge\releases\Preflight-20261003/./docs/evidence/max-hardening-2026-09-27/windows-python-client.log
-- Installing: C:\Users\Jasper\Documents\Codex\2026-09-20\gen\outputs\GeoModelBridge\releases\Preflight-20261003/./docs/evidence/max-hardening-2026-09-27/windows-python-unit.log
-- Installing: C:\Users\Jasper\Documents\Codex\2026-09-20\gen\outputs\GeoModelBridge\releases\Preflight-20261003/./docs/evidence/max-hardening-2026-09-27/windows-source-match.json
-- Installing: C:\Users\Jasper\Documents\Codex\2026-09-20\gen\outputs\GeoModelBridge\releases\Preflight-20261003/./docs/evidence/max-hardening-2026-09-27/windows-textures.log
-- Installing: C:\Users\Jasper\Documents\Codex\2026-09-20\gen\outputs\GeoModelBridge\releases\Preflight-20261003/./docs/evidence/max-hardening-2026-09-27/windows-version.log
-- Installing: C:\Users\Jasper\Documents\Codex\2026-09-20\gen\outputs\GeoModelBridge\releases\Preflight-20261003/./docs/evidence/pro-integration.json
-- Installing: C:\Users\Jasper\Documents\Codex\2026-09-20\gen\outputs\GeoModelBridge\releases\Preflight-20261003/./docs/evidence/README.md
-- Installing: C:\Users\Jasper\Documents\Codex\2026-09-20\gen\outputs\GeoModelBridge\releases\Preflight-20261003/./docs/evidence/V0.1.1
-- Installing: C:\Users\Jasper\Documents\Codex\2026-09-20\gen\outputs\GeoModelBridge\releases\Preflight-20261003/./docs/evidence/V0.1.1/build.log
-- Installing: C:\Users\Jasper\Documents\Codex\2026-09-20\gen\outputs\GeoModelBridge\releases\Preflight-20261003/./docs/evidence/V0.1.1/core-tests.log
-- Installing: C:\Users\Jasper\Documents\Codex\2026-09-20\gen\outputs\GeoModelBridge\releases\Preflight-20261003/./docs/evidence/V0.1.1/jpeg-direction
-- Installing: C:\Users\Jasper\Documents\Codex\2026-09-20\gen\outputs\GeoModelBridge\releases\Preflight-20261003/./docs/evidence/V0.1.1/jpeg-direction/native-jpeg-plane.gdb
-- Installing: C:\Users\Jasper\Documents\Codex\2026-09-20\gen\outputs\GeoModelBridge\releases\Preflight-20261003/./docs/evidence/V0.1.1/jpeg-direction/native-jpeg-plane.gdb/a00000001.gdbindexes
-- Installing: C:\Users\Jasper\Documents\Codex\2026-09-20\gen\outputs\GeoModelBridge\releases\Preflight-20261003/./docs/evidence/V0.1.1/jpeg-direction/native-jpeg-plane.gdb/a00000001.gdbtable
-- Installing: C:\Users\Jasper\Documents\Codex\2026-09-20\gen\outputs\GeoModelBridge\releases\Preflight-20261003/./docs/evidence/V0.1.1/jpeg-direction/native-jpeg-plane.gdb/a00000001.gdbtablx
-- Installing: C:\Users\Jasper\Documents\Codex\2026-09-20\gen\outputs\GeoModelBridge\releases\Preflight-20261003/./docs/evidence/V0.1.1/jpeg-direction/native-jpeg-plane.gdb/a00000001.TablesByName.atx
-- Installing: C:\Users\Jasper\Documents\Codex\2026-09-20\gen\outputs\GeoModelBridge\releases\Preflight-20261003/./docs/evidence/V0.1.1/jpeg-direction/native-jpeg-plane.gdb/a00000002.gdbtable
-- Installing: C:\Users\Jasper\Documents\Codex\2026-09-20\gen\outputs\GeoModelBridge\releases\Preflight-20261003/./docs/evidence/V0.1.1/jpeg-direction/native-jpeg-plane.gdb/a00000002.gdbtablx
-- Installing: C:\Users\Jasper\Documents\Codex\2026-09-20\gen\outputs\GeoModelBridge\releases\Preflight-20261003/./docs/evidence/V0.1.1/jpeg-direction/native-jpeg-plane.gdb/a00000003.gdbindexes
-- Installing: C:\Users\Jasper\Documents\Codex\2026-09-20\gen\outputs\GeoModelBridge\releases\Preflight-20261003/./docs/evidence/V0.1.1/jpeg-direction/native-jpeg-plane.gdb/a00000003.gdbtable
-- Installing: C:\Users\Jasper\Documents\Codex\2026-09-20\gen\outputs\GeoModelBridge\releases\Preflight-20261003/./docs/evidence/V0.1.1/jpeg-direction/native-jpeg-plane.gdb/a00000003.gdbtablx
-- Installing: C:\Users\Jasper\Documents\Codex\2026-09-20\gen\outputs\GeoModelBridge\releases\Preflight-20261003/./docs/evidence/V0.1.1/jpeg-direction/native-jpeg-plane.gdb/a00000004.CatItemsByPhysicalName.atx
-- Installing: C:\Users\Jasper\Documents\Codex\2026-09-20\gen\outputs\GeoModelBridge\releases\Preflight-20261003/./docs/evidence/V0.1.1/jpeg-direction/native-jpeg-plane.gdb/a00000004.CatItemsByType.atx
-- Installing: C:\Users\Jasper\Documents\Codex\2026-09-20\gen\outputs\GeoModelBridge\releases\Preflight-20261003/./docs/evidence/V0.1.1/jpeg-direction/native-jpeg-plane.gdb/a00000004.FDO_UUID.atx
-- Installing: C:\Users\Jasper\Documents\Codex\2026-09-20\gen\outputs\GeoModelBridge\releases\Preflight-20261003/./docs/evidence/V0.1.1/jpeg-direction/native-jpeg-plane.gdb/a00000004.gdbindexes
-- Installing: C:\Users\Jasper\Documents\Codex\2026-09-20\gen\outputs\GeoModelBridge\releases\Preflight-20261003/./docs/evidence/V0.1.1/jpeg-direction/native-jpeg-plane.gdb/a00000004.gdbtable
-- Installing: C:\Users\Jasper\Documents\Codex\2026-09-20\gen\outputs\GeoModelBridge\releases\Preflight-20261003/./docs/evidence/V0.1.1/jpeg-direction/native-jpeg-plane.gdb/a00000004.gdbtablx
-- Installing: C:\Users\Jasper\Documents\Codex\2026-09-20\gen\outputs\GeoModelBridge\releases\Preflight-20261003/./docs/evidence/V0.1.1/jpeg-direction/native-jpeg-plane.gdb/a00000004.horizon
-- Installing: C:\Users\Jasper\Documents\Codex\2026-09-20\gen\outputs\GeoModelBridge\releases\Preflight-20261003/./docs/evidence/V0.1.1/jpeg-direction/native-jpeg-plane.gdb/a00000005.CatItemTypesByName.atx
-- Installing: C:\Users\Jasper\Documents\Codex\2026-09-20\gen\outputs\GeoModelBridge\releases\Preflight-20261003/./docs/evidence/V0.1.1/jpeg-direction/native-jpeg-plane.gdb/a00000005.CatItemTypesByParentTypeID.atx
-- Installing: C:\Users\Jasper\Documents\Codex\2026-09-20\gen\outputs\GeoModelBridge\releases\Preflight-20261003/./docs/evidence/V0.1.1/jpeg-direction/native-jpeg-plane.gdb/a00000005.CatItemTypesByUUID.atx
-- Installing: C:\Users\Jasper\Documents\Codex\2026-09-20\gen\outputs\GeoModelBridge\releases\Preflight-20261003/./docs/evidence/V0.1.1/jpeg-direction/native-jpeg-plane.gdb/a00000005.gdbindexes
-- Installing: C:\Users\Jasper\Documents\Codex\2026-09-20\gen\outputs\GeoModelBridge\releases\Preflight-20261003/./docs/evidence/V0.1.1/jpeg-direction/native-jpeg-plane.gdb/a00000005.gdbtable
-- Installing: C:\Users\Jasper\Documents\Codex\2026-09-20\gen\outputs\GeoModelBridge\releases\Preflight-20261003/./docs/evidence/V0.1.1/jpeg-direction/native-jpeg-plane.gdb/a00000005.gdbtablx
-- Installing: C:\Users\Jasper\Documents\Codex\2026-09-20\gen\outputs\GeoModelBridge\releases\Preflight-20261003/./docs/evidence/V0.1.1/jpeg-direction/native-jpeg-plane.gdb/a00000006.CatRelsByDestinationID.atx
-- Installing: C:\Users\Jasper\Documents\Codex\2026-09-20\gen\outputs\GeoModelBridge\releases\Preflight-20261003/./docs/evidence/V0.1.1/jpeg-direction/native-jpeg-plane.gdb/a00000006.CatRelsByOriginID.atx
-- Installing: C:\Users\Jasper\Documents\Codex\2026-09-20\gen\outputs\GeoModelBridge\releases\Preflight-20261003/./docs/evidence/V0.1.1/jpeg-direction/native-jpeg-plane.gdb/a00000006.CatRelsByType.atx
-- Installing: C:\Users\Jasper\Documents\Codex\2026-09-20\gen\outputs\GeoModelBridge\releases\Preflight-20261003/./docs/evidence/V0.1.1/jpeg-direction/native-jpeg-plane.gdb/a00000006.FDO_UUID.atx
-- Installing: C:\Users\Jasper\Documents\Codex\2026-09-20\gen\outputs\GeoModelBridge\releases\Preflight-20261003/./docs/evidence/V0.1.1/jpeg-direction/native-jpeg-plane.gdb/a00000006.gdbindexes
-- Installing: C:\Users\Jasper\Documents\Codex\2026-09-20\gen\outputs\GeoModelBridge\releases\Preflight-20261003/./docs/evidence/V0.1.1/jpeg-direction/native-jpeg-plane.gdb/a00000006.gdbtable
-- Installing: C:\Users\Jasper\Documents\Codex\2026-09-20\gen\outputs\GeoModelBridge\releases\Preflight-20261003/./docs/evidence/V0.1.1/jpeg-direction/native-jpeg-plane.gdb/a00000006.gdbtablx
-- Installing: C:\Users\Jasper\Documents\Codex\2026-09-20\gen\outputs\GeoModelBridge\releases\Preflight-20261003/./docs/evidence/V0.1.1/jpeg-direction/native-jpeg-plane.gdb/a00000007.CatRelTypesByBackwardLabel.atx
-- Installing: C:\Users\Jasper\Documents\Codex\2026-09-20\gen\outputs\GeoModelBridge\releases\Preflight-20261003/./docs/evidence/V0.1.1/jpeg-direction/native-jpeg-plane.gdb/a00000007.CatRelTypesByDestItemTypeID.atx
-- Installing: C:\Users\Jasper\Documents\Codex\2026-09-20\gen\outputs\GeoModelBridge\releases\Preflight-20261003/./docs/evidence/V0.1.1/jpeg-direction/native-jpeg-plane.gdb/a00000007.CatRelTypesByForwardLabel.atx
-- Installing: C:\Users\Jasper\Documents\Codex\2026-09-20\gen\outputs\GeoModelBridge\releases\Preflight-20261003/./docs/evidence/V0.1.1/jpeg-direction/native-jpeg-plane.gdb/a00000007.CatRelTypesByName.atx
-- Installing: C:\Users\Jasper\Documents\Codex\2026-09-20\gen\outputs\GeoModelBridge\releases\Preflight-20261003/./docs/evidence/V0.1.1/jpeg-direction/native-jpeg-plane.gdb/a00000007.CatRelTypesByOriginItemTypeID.atx
-- Installing: C:\Users\Jasper\Documents\Codex\2026-09-20\gen\outputs\GeoModelBridge\releases\Preflight-20261003/./docs/evidence/V0.1.1/jpeg-direction/native-jpeg-plane.gdb/a00000007.CatRelTypesByUUID.atx
-- Installing: C:\Users\Jasper\Documents\Codex\2026-09-20\gen\outputs\GeoModelBridge\releases\Preflight-20261003/./docs/evidence/V0.1.1/jpeg-direction/native-jpeg-plane.gdb/a00000007.gdbindexes
-- Installing: C:\Users\Jasper\Documents\Codex\2026-09-20\gen\outputs\GeoModelBridge\releases\Preflight-20261003/./docs/evidence/V0.1.1/jpeg-direction/native-jpeg-plane.gdb/a00000007.gdbtable
-- Installing: C:\Users\Jasper\Documents\Codex\2026-09-20\gen\outputs\GeoModelBridge\releases\Preflight-20261003/./docs/evidence/V0.1.1/jpeg-direction/native-jpeg-plane.gdb/a00000007.gdbtablx
-- Installing: C:\Users\Jasper\Documents\Codex\2026-09-20\gen\outputs\GeoModelBridge\releases\Preflight-20261003/./docs/evidence/V0.1.1/jpeg-direction/native-jpeg-plane.gdb/a00000009.gdbindexes
-- Installing: C:\Users\Jasper\Documents\Codex\2026-09-20\gen\outputs\GeoModelBridge\releases\Preflight-20261003/./docs/evidence/V0.1.1/jpeg-direction/native-jpeg-plane.gdb/a00000009.gdbtable
-- Installing: C:\Users\Jasper\Documents\Codex\2026-09-20\gen\outputs\GeoModelBridge\releases\Preflight-20261003/./docs/evidence/V0.1.1/jpeg-direction/native-jpeg-plane.gdb/a00000009.gdbtablx
-- Installing: C:\Users\Jasper\Documents\Codex\2026-09-20\gen\outputs\GeoModelBridge\releases\Preflight-20261003/./docs/evidence/V0.1.1/jpeg-direction/native-jpeg-plane.gdb/a00000009.horizon
-- Installing: C:\Users\Jasper\Documents\Codex\2026-09-20\gen\outputs\GeoModelBridge\releases\Preflight-20261003/./docs/evidence/V0.1.1/jpeg-direction/native-jpeg-plane.gdb/gdb
-- Installing: C:\Users\Jasper\Documents\Codex\2026-09-20\gen\outputs\GeoModelBridge\releases\Preflight-20261003/./docs/evidence/V0.1.1/jpeg-direction/native-jpeg-plane.gdb/timestamps
-- Installing: C:\Users\Jasper\Documents\Codex\2026-09-20\gen\outputs\GeoModelBridge\releases\Preflight-20261003/./docs/evidence/V0.1.1/jpeg-direction/native-writer-report.json
-- Installing: C:\Users\Jasper\Documents\Codex\2026-09-20\gen\outputs\GeoModelBridge\releases\Preflight-20261003/./docs/evidence/V0.1.1/jpeg-direction/native-writer.log
-- Installing: C:\Users\Jasper\Documents\Codex\2026-09-20\gen\outputs\GeoModelBridge\releases\Preflight-20261003/./docs/evidence/V0.1.1/jpeg-direction/pro-jpeg-plane.gdb
-- Installing: C:\Users\Jasper\Documents\Codex\2026-09-20\gen\outputs\GeoModelBridge\releases\Preflight-20261003/./docs/evidence/V0.1.1/jpeg-direction/pro-jpeg-plane.gdb/a00000001.gdbindexes
-- Installing: C:\Users\Jasper\Documents\Codex\2026-09-20\gen\outputs\GeoModelBridge\releases\Preflight-20261003/./docs/evidence/V0.1.1/jpeg-direction/pro-jpeg-plane.gdb/a00000001.gdbtable
-- Installing: C:\Users\Jasper\Documents\Codex\2026-09-20\gen\outputs\GeoModelBridge\releases\Preflight-20261003/./docs/evidence/V0.1.1/jpeg-direction/pro-jpeg-plane.gdb/a00000001.gdbtablx
-- Installing: C:\Users\Jasper\Documents\Codex\2026-09-20\gen\outputs\GeoModelBridge\releases\Preflight-20261003/./docs/evidence/V0.1.1/jpeg-direction/pro-jpeg-plane.gdb/a00000001.TablesByName.atx
-- Installing: C:\Users\Jasper\Documents\Codex\2026-09-20\gen\outputs\GeoModelBridge\releases\Preflight-20261003/./docs/evidence/V0.1.1/jpeg-direction/pro-jpeg-plane.gdb/a00000002.gdbtable
-- Installing: C:\Users\Jasper\Documents\Codex\2026-09-20\gen\outputs\GeoModelBridge\releases\Preflight-20261003/./docs/evidence/V0.1.1/jpeg-direction/pro-jpeg-plane.gdb/a00000002.gdbtablx
-- Installing: C:\Users\Jasper\Documents\Codex\2026-09-20\gen\outputs\GeoModelBridge\releases\Preflight-20261003/./docs/evidence/V0.1.1/jpeg-direction/pro-jpeg-plane.gdb/a00000003.gdbindexes
-- Installing: C:\Users\Jasper\Documents\Codex\2026-09-20\gen\outputs\GeoModelBridge\releases\Preflight-20261003/./docs/evidence/V0.1.1/jpeg-direction/pro-jpeg-plane.gdb/a00000003.gdbtable
-- Installing: C:\Users\Jasper\Documents\Codex\2026-09-20\gen\outputs\GeoModelBridge\releases\Preflight-20261003/./docs/evidence/V0.1.1/jpeg-direction/pro-jpeg-plane.gdb/a00000003.gdbtablx
-- Installing: C:\Users\Jasper\Documents\Codex\2026-09-20\gen\outputs\GeoModelBridge\releases\Preflight-20261003/./docs/evidence/V0.1.1/jpeg-direction/pro-jpeg-plane.gdb/a00000004.CatItemsByPhysicalName.atx
-- Installing: C:\Users\Jasper\Documents\Codex\2026-09-20\gen\outputs\GeoModelBridge\releases\Preflight-20261003/./docs/evidence/V0.1.1/jpeg-direction/pro-jpeg-plane.gdb/a00000004.CatItemsByType.atx
-- Installing: C:\Users\Jasper\Documents\Codex\2026-09-20\gen\outputs\GeoModelBridge\releases\Preflight-20261003/./docs/evidence/V0.1.1/jpeg-direction/pro-jpeg-plane.gdb/a00000004.FDO_UUID.atx
-- Installing: C:\Users\Jasper\Documents\Codex\2026-09-20\gen\outputs\GeoModelBridge\releases\Preflight-20261003/./docs/evidence/V0.1.1/jpeg-direction/pro-jpeg-plane.gdb/a00000004.freelist
-- Installing: C:\Users\Jasper\Documents\Codex\2026-09-20\gen\outputs\GeoModelBridge\releases\Preflight-20261003/./docs/evidence/V0.1.1/jpeg-direction/pro-jpeg-plane.gdb/a00000004.gdbindexes
-- Installing: C:\Users\Jasper\Documents\Codex\2026-09-20\gen\outputs\GeoModelBridge\releases\Preflight-20261003/./docs/evidence/V0.1.1/jpeg-direction/pro-jpeg-plane.gdb/a00000004.gdbtable
-- Installing: C:\Users\Jasper\Documents\Codex\2026-09-20\gen\outputs\GeoModelBridge\releases\Preflight-20261003/./docs/evidence/V0.1.1/jpeg-direction/pro-jpeg-plane.gdb/a00000004.gdbtablx
-- Installing: C:\Users\Jasper\Documents\Codex\2026-09-20\gen\outputs\GeoModelBridge\releases\Preflight-20261003/./docs/evidence/V0.1.1/jpeg-direction/pro-jpeg-plane.gdb/a00000004.horizon
-- Installing: C:\Users\Jasper\Documents\Codex\2026-09-20\gen\outputs\GeoModelBridge\releases\Preflight-20261003/./docs/evidence/V0.1.1/jpeg-direction/pro-jpeg-plane.gdb/a00000004.spx
-- Installing: C:\Users\Jasper\Documents\Codex\2026-09-20\gen\outputs\GeoModelBridge\releases\Preflight-20261003/./docs/evidence/V0.1.1/jpeg-direction/pro-jpeg-plane.gdb/a00000005.CatItemTypesByName.atx
-- Installing: C:\Users\Jasper\Documents\Codex\2026-09-20\gen\outputs\GeoModelBridge\releases\Preflight-20261003/./docs/evidence/V0.1.1/jpeg-direction/pro-jpeg-plane.gdb/a00000005.CatItemTypesByParentTypeID.atx
-- Installing: C:\Users\Jasper\Documents\Codex\2026-09-20\gen\outputs\GeoModelBridge\releases\Preflight-20261003/./docs/evidence/V0.1.1/jpeg-direction/pro-jpeg-plane.gdb/a00000005.CatItemTypesByUUID.atx
-- Installing: C:\Users\Jasper\Documents\Codex\2026-09-20\gen\outputs\GeoModelBridge\releases\Preflight-20261003/./docs/evidence/V0.1.1/jpeg-direction/pro-jpeg-plane.gdb/a00000005.gdbindexes
-- Installing: C:\Users\Jasper\Documents\Codex\2026-09-20\gen\outputs\GeoModelBridge\releases\Preflight-20261003/./docs/evidence/V0.1.1/jpeg-direction/pro-jpeg-plane.gdb/a00000005.gdbtable
-- Installing: C:\Users\Jasper\Documents\Codex\2026-09-20\gen\outputs\GeoModelBridge\releases\Preflight-20261003/./docs/evidence/V0.1.1/jpeg-direction/pro-jpeg-plane.gdb/a00000005.gdbtablx
-- Installing: C:\Users\Jasper\Documents\Codex\2026-09-20\gen\outputs\GeoModelBridge\releases\Preflight-20261003/./docs/evidence/V0.1.1/jpeg-direction/pro-jpeg-plane.gdb/a00000006.CatRelsByDestinationID.atx
-- Installing: C:\Users\Jasper\Documents\Codex\2026-09-20\gen\outputs\GeoModelBridge\releases\Preflight-20261003/./docs/evidence/V0.1.1/jpeg-direction/pro-jpeg-plane.gdb/a00000006.CatRelsByOriginID.atx
-- Installing: C:\Users\Jasper\Documents\Codex\2026-09-20\gen\outputs\GeoModelBridge\releases\Preflight-20261003/./docs/evidence/V0.1.1/jpeg-direction/pro-jpeg-plane.gdb/a00000006.CatRelsByType.atx
-- Installing: C:\Users\Jasper\Documents\Codex\2026-09-20\gen\outputs\GeoModelBridge\releases\Preflight-20261003/./docs/evidence/V0.1.1/jpeg-direction/pro-jpeg-plane.gdb/a00000006.FDO_UUID.atx
-- Installing: C:\Users\Jasper\Documents\Codex\2026-09-20\gen\outputs\GeoModelBridge\releases\Preflight-20261003/./docs/evidence/V0.1.1/jpeg-direction/pro-jpeg-plane.gdb/a00000006.gdbindexes
-- Installing: C:\Users\Jasper\Documents\Codex\2026-09-20\gen\outputs\GeoModelBridge\releases\Preflight-20261003/./docs/evidence/V0.1.1/jpeg-direction/pro-jpeg-plane.gdb/a00000006.gdbtable
-- Installing: C:\Users\Jasper\Documents\Codex\2026-09-20\gen\outputs\GeoModelBridge\releases\Preflight-20261003/./docs/evidence/V0.1.1/jpeg-direction/pro-jpeg-plane.gdb/a00000006.gdbtablx
-- Installing: C:\Users\Jasper\Documents\Codex\2026-09-20\gen\outputs\GeoModelBridge\releases\Preflight-20261003/./docs/evidence/V0.1.1/jpeg-direction/pro-jpeg-plane.gdb/a00000007.CatRelTypesByBackwardLabel.atx
-- Installing: C:\Users\Jasper\Documents\Codex\2026-09-20\gen\outputs\GeoModelBridge\releases\Preflight-20261003/./docs/evidence/V0.1.1/jpeg-direction/pro-jpeg-plane.gdb/a00000007.CatRelTypesByDestItemTypeID.atx
-- Installing: C:\Users\Jasper\Documents\Codex\2026-09-20\gen\outputs\GeoModelBridge\releases\Preflight-20261003/./docs/evidence/V0.1.1/jpeg-direction/pro-jpeg-plane.gdb/a00000007.CatRelTypesByForwardLabel.atx
-- Installing: C:\Users\Jasper\Documents\Codex\2026-09-20\gen\outputs\GeoModelBridge\releases\Preflight-20261003/./docs/evidence/V0.1.1/jpeg-direction/pro-jpeg-plane.gdb/a00000007.CatRelTypesByName.atx
-- Installing: C:\Users\Jasper\Documents\Codex\2026-09-20\gen\outputs\GeoModelBridge\releases\Preflight-20261003/./docs/evidence/V0.1.1/jpeg-direction/pro-jpeg-plane.gdb/a00000007.CatRelTypesByOriginItemTypeID.atx
-- Installing: C:\Users\Jasper\Documents\Codex\2026-09-20\gen\outputs\GeoModelBridge\releases\Preflight-20261003/./docs/evidence/V0.1.1/jpeg-direction/pro-jpeg-plane.gdb/a00000007.CatRelTypesByUUID.atx
-- Installing: C:\Users\Jasper\Documents\Codex\2026-09-20\gen\outputs\GeoModelBridge\releases\Preflight-20261003/./docs/evidence/V0.1.1/jpeg-direction/pro-jpeg-plane.gdb/a00000007.gdbindexes
-- Installing: C:\Users\Jasper\Documents\Codex\2026-09-20\gen\outputs\GeoModelBridge\releases\Preflight-20261003/./docs/evidence/V0.1.1/jpeg-direction/pro-jpeg-plane.gdb/a00000007.gdbtable
-- Installing: C:\Users\Jasper\Documents\Codex\2026-09-20\gen\outputs\GeoModelBridge\releases\Preflight-20261003/./docs/evidence/V0.1.1/jpeg-direction/pro-jpeg-plane.gdb/a00000007.gdbtablx
-- Installing: C:\Users\Jasper\Documents\Codex\2026-09-20\gen\outputs\GeoModelBridge\releases\Preflight-20261003/./docs/evidence/V0.1.1/jpeg-direction/pro-jpeg-plane.gdb/a00000009.EditingTemplatesByDatasetGUID.atx
-- Installing: C:\Users\Jasper\Documents\Codex\2026-09-20\gen\outputs\GeoModelBridge\releases\Preflight-20261003/./docs/evidence/V0.1.1/jpeg-direction/pro-jpeg-plane.gdb/a00000009.EditingTemplatesByName.atx
-- Installing: C:\Users\Jasper\Documents\Codex\2026-09-20\gen\outputs\GeoModelBridge\releases\Preflight-20261003/./docs/evidence/V0.1.1/jpeg-direction/pro-jpeg-plane.gdb/a00000009.EditingTemplatesByType.atx
-- Installing: C:\Users\Jasper\Documents\Codex\2026-09-20\gen\outputs\GeoModelBridge\releases\Preflight-20261003/./docs/evidence/V0.1.1/jpeg-direction/pro-jpeg-plane.gdb/a00000009.FDO_GlobalID.atx
-- Installing: C:\Users\Jasper\Documents\Codex\2026-09-20\gen\outputs\GeoModelBridge\releases\Preflight-20261003/./docs/evidence/V0.1.1/jpeg-direction/pro-jpeg-plane.gdb/a00000009.gdbindexes
-- Installing: C:\Users\Jasper\Documents\Codex\2026-09-20\gen\outputs\GeoModelBridge\releases\Preflight-20261003/./docs/evidence/V0.1.1/jpeg-direction/pro-jpeg-plane.gdb/a00000009.gdbtable
-- Installing: C:\Users\Jasper\Documents\Codex\2026-09-20\gen\outputs\GeoModelBridge\releases\Preflight-20261003/./docs/evidence/V0.1.1/jpeg-direction/pro-jpeg-plane.gdb/a00000009.gdbtablx
-- Installing: C:\Users\Jasper\Documents\Codex\2026-09-20\gen\outputs\GeoModelBridge\releases\Preflight-20261003/./docs/evidence/V0.1.1/jpeg-direction/pro-jpeg-plane.gdb/a0000000a.EditingTemplateRelsByDestinationID.atx
-- Installing: C:\Users\Jasper\Documents\Codex\2026-09-20\gen\outputs\GeoModelBridge\releases\Preflight-20261003/./docs/evidence/V0.1.1/jpeg-direction/pro-jpeg-plane.gdb/a0000000a.EditingTemplateRelsByOriginID.atx
-- Installing: C:\Users\Jasper\Documents\Codex\2026-09-20\gen\outputs\GeoModelBridge\releases\Preflight-20261003/./docs/evidence/V0.1.1/jpeg-direction/pro-jpeg-plane.gdb/a0000000a.EditingTemplateRelsByType.atx
-- Installing: C:\Users\Jasper\Documents\Codex\2026-09-20\gen\outputs\GeoModelBridge\releases\Preflight-20261003/./docs/evidence/V0.1.1/jpeg-direction/pro-jpeg-plane.gdb/a0000000a.gdbindexes
-- Installing: C:\Users\Jasper\Documents\Codex\2026-09-20\gen\outputs\GeoModelBridge\releases\Preflight-20261003/./docs/evidence/V0.1.1/jpeg-direction/pro-jpeg-plane.gdb/a0000000a.gdbtable
-- Installing: C:\Users\Jasper\Documents\Codex\2026-09-20\gen\outputs\GeoModelBridge\releases\Preflight-20261003/./docs/evidence/V0.1.1/jpeg-direction/pro-jpeg-plane.gdb/a0000000a.gdbtablx
-- Installing: C:\Users\Jasper\Documents\Codex\2026-09-20\gen\outputs\GeoModelBridge\releases\Preflight-20261003/./docs/evidence/V0.1.1/jpeg-direction/pro-jpeg-plane.gdb/a0000000b.gdbindexes
-- Installing: C:\Users\Jasper\Documents\Codex\2026-09-20\gen\outputs\GeoModelBridge\releases\Preflight-20261003/./docs/evidence/V0.1.1/jpeg-direction/pro-jpeg-plane.gdb/a0000000b.gdbtable
-- Installing: C:\Users\Jasper\Documents\Codex\2026-09-20\gen\outputs\GeoModelBridge\releases\Preflight-20261003/./docs/evidence/V0.1.1/jpeg-direction/pro-jpeg-plane.gdb/a0000000b.gdbtablx
-- Installing: C:\Users\Jasper\Documents\Codex\2026-09-20\gen\outputs\GeoModelBridge\releases\Preflight-20261003/./docs/evidence/V0.1.1/jpeg-direction/pro-jpeg-plane.gdb/a0000000b.horizon
-- Installing: C:\Users\Jasper\Documents\Codex\2026-09-20\gen\outputs\GeoModelBridge\releases\Preflight-20261003/./docs/evidence/V0.1.1/jpeg-direction/pro-jpeg-plane.gdb/a0000000b.spx
-- Installing: C:\Users\Jasper\Documents\Codex\2026-09-20\gen\outputs\GeoModelBridge\releases\Preflight-20261003/./docs/evidence/V0.1.1/jpeg-direction/pro-jpeg-plane.gdb/gdb
-- Installing: C:\Users\Jasper\Documents\Codex\2026-09-20\gen\outputs\GeoModelBridge\releases\Preflight-20261003/./docs/evidence/V0.1.1/jpeg-direction/pro-jpeg-plane.gdb/timestamps
-- Installing: C:\Users\Jasper\Documents\Codex\2026-09-20\gen\outputs\GeoModelBridge\releases\Preflight-20261003/./docs/evidence/V0.1.1/jpeg-direction/pro-writer-report.json
-- Installing: C:\Users\Jasper\Documents\Codex\2026-09-20\gen\outputs\GeoModelBridge\releases\Preflight-20261003/./docs/evidence/V0.1.1/jpeg-direction/pro-writer.log
-- Installing: C:\Users\Jasper\Documents\Codex\2026-09-20\gen\outputs\GeoModelBridge\releases\Preflight-20261003/./docs/evidence/V0.1.1/jpeg-direction/source-bundle
-- Installing: C:\Users\Jasper\Documents\Codex\2026-09-20\gen\outputs\GeoModelBridge\releases\Preflight-20261003/./docs/evidence/V0.1.1/jpeg-direction/source-bundle/scene.json
-- Installing: C:\Users\Jasper\Documents\Codex\2026-09-20\gen\outputs\GeoModelBridge\releases\Preflight-20261003/./docs/evidence/V0.1.1/jpeg-direction/source-bundle/textures
-- Installing: C:\Users\Jasper\Documents\Codex\2026-09-20\gen\outputs\GeoModelBridge\releases\Preflight-20261003/./docs/evidence/V0.1.1/jpeg-direction/source-bundle/textures/aefee6ad6a7c5cc986190df94b1da12a7487604a4cec3a8a7efb7002bc2fa686.jpg
-- Installing: C:\Users\Jasper\Documents\Codex\2026-09-20\gen\outputs\GeoModelBridge\releases\Preflight-20261003/./docs/evidence/V0.1.1/jpeg-direction/source-direction.jpg
-- Installing: C:\Users\Jasper\Documents\Codex\2026-09-20\gen\outputs\GeoModelBridge\releases\Preflight-20261003/./docs/evidence/V0.1.1/jpeg-direction/source-direction.png
-- Installing: C:\Users\Jasper\Documents\Codex\2026-09-20\gen\outputs\GeoModelBridge\releases\Preflight-20261003/./docs/evidence/V0.1.1/jpeg-direction/source-preparation.json
-- Installing: C:\Users\Jasper\Documents\Codex\2026-09-20\gen\outputs\GeoModelBridge\releases\Preflight-20261003/./docs/evidence/V0.1.1/legacy-writer-rejection.json
-- Installing: C:\Users\Jasper\Documents\Codex\2026-09-20\gen\outputs\GeoModelBridge\releases\Preflight-20261003/./docs/evidence/V0.1.1/native-independent-pro
-- Installing: C:\Users\Jasper\Documents\Codex\2026-09-20\gen\outputs\GeoModelBridge\releases\Preflight-20261003/./docs/evidence/V0.1.1/native-independent-pro/alpha-plane.json
-- Installing: C:\Users\Jasper\Documents\Codex\2026-09-20\gen\outputs\GeoModelBridge\releases\Preflight-20261003/./docs/evidence/V0.1.1/native-independent-pro/binary_blender.json
-- Installing: C:\Users\Jasper\Documents\Codex\2026-09-20\gen\outputs\GeoModelBridge\releases\Preflight-20261003/./docs/evidence/V0.1.1/native-independent-pro/color-cube.json
-- Installing: C:\Users\Jasper\Documents\Codex\2026-09-20\gen\outputs\GeoModelBridge\releases\Preflight-20261003/./docs/evidence/V0.1.1/native-independent-pro/colored_quad.json
-- Installing: C:\Users\Jasper\Documents\Codex\2026-09-20\gen\outputs\GeoModelBridge\releases\Preflight-20261003/./docs/evidence/V0.1.1/native-independent-pro/embedded_quad.json
-- Installing: C:\Users\Jasper\Documents\Codex\2026-09-20\gen\outputs\GeoModelBridge\releases\Preflight-20261003/./docs/evidence/V0.1.1/native-independent-pro/instanced_mirror.json
-- Installing: C:\Users\Jasper\Documents\Codex\2026-09-20\gen\outputs\GeoModelBridge\releases\Preflight-20261003/./docs/evidence/V0.1.1/native-independent-pro/mixed-materials.json
-- Installing: C:\Users\Jasper\Documents\Codex\2026-09-20\gen\outputs\GeoModelBridge\releases\Preflight-20261003/./docs/evidence/V0.1.1/native-independent-pro/multi_material.json
-- Installing: C:\Users\Jasper\Documents\Codex\2026-09-20\gen\outputs\GeoModelBridge\releases\Preflight-20261003/./docs/evidence/V0.1.1/native-independent-pro/no_material.json
-- Installing: C:\Users\Jasper\Documents\Codex\2026-09-20\gen\outputs\GeoModelBridge\releases\Preflight-20261003/./docs/evidence/V0.1.1/native-independent-pro/seam-cube.json
-- Installing: C:\Users\Jasper\Documents\Codex\2026-09-20\gen\outputs\GeoModelBridge\releases\Preflight-20261003/./docs/evidence/V0.1.1/native-independent-pro/sloped_normals.json
-- Installing: C:\Users\Jasper\Documents\Codex\2026-09-20\gen\outputs\GeoModelBridge\releases\Preflight-20261003/./docs/evidence/V0.1.1/native-independent-pro/summary.json
-- Installing: C:\Users\Jasper\Documents\Codex\2026-09-20\gen\outputs\GeoModelBridge\releases\Preflight-20261003/./docs/evidence/V0.1.1/native-independent-pro/textured_quad.json
-- Installing: C:\Users\Jasper\Documents\Codex\2026-09-20\gen\outputs\GeoModelBridge\releases\Preflight-20261003/./docs/evidence/V0.1.1/native-independent-pro/uv-plane.json
-- Installing: C:\Users\Jasper\Documents\Codex\2026-09-20\gen\outputs\GeoModelBridge\releases\Preflight-20261003/./docs/evidence/V0.1.1/native-independent-pro/uv_transform.json
-- Installing: C:\Users\Jasper\Documents\Codex\2026-09-20\gen\outputs\GeoModelBridge\releases\Preflight-20261003/./docs/evidence/V0.1.1/native-integration.json
-- Installing: C:\Users\Jasper\Documents\Codex\2026-09-20\gen\outputs\GeoModelBridge\releases\Preflight-20261003/./docs/evidence/V0.1.1/pro-integration.json
-- Installing: C:\Users\Jasper\Documents\Codex\2026-09-20\gen\outputs\GeoModelBridge\releases\Preflight-20261003/./docs/evidence/V0.1.1/visual
-- Installing: C:\Users\Jasper\Documents\Codex\2026-09-20\gen\outputs\GeoModelBridge\releases\Preflight-20261003/./docs/evidence/V0.1.1/visual/assessment.json
-- Installing: C:\Users\Jasper\Documents\Codex\2026-09-20\gen\outputs\GeoModelBridge\releases\Preflight-20261003/./docs/evidence/V0.1.1/visual/index.html
-- Installing: C:\Users\Jasper\Documents\Codex\2026-09-20\gen\outputs\GeoModelBridge\releases\Preflight-20261003/./docs/evidence/V0.1.1/visual/renders
-- Installing: C:\Users\Jasper\Documents\Codex\2026-09-20\gen\outputs\GeoModelBridge\releases\Preflight-20261003/./docs/evidence/V0.1.1/visual/renders/alpha-plane-top.png
-- Installing: C:\Users\Jasper\Documents\Codex\2026-09-20\gen\outputs\GeoModelBridge\releases\Preflight-20261003/./docs/evidence/V0.1.1/visual/renders/color-cube-oblique.png
-- Installing: C:\Users\Jasper\Documents\Codex\2026-09-20\gen\outputs\GeoModelBridge\releases\Preflight-20261003/./docs/evidence/V0.1.1/visual/renders/color-cube-opposite.png
-- Installing: C:\Users\Jasper\Documents\Codex\2026-09-20\gen\outputs\GeoModelBridge\releases\Preflight-20261003/./docs/evidence/V0.1.1/visual/renders/color-cube-top.png
-- Installing: C:\Users\Jasper\Documents\Codex\2026-09-20\gen\outputs\GeoModelBridge\releases\Preflight-20261003/./docs/evidence/V0.1.1/visual/renders/mixed-materials-oblique.png
-- Installing: C:\Users\Jasper\Documents\Codex\2026-09-20\gen\outputs\GeoModelBridge\releases\Preflight-20261003/./docs/evidence/V0.1.1/visual/renders/mixed-materials-top.png
-- Installing: C:\Users\Jasper\Documents\Codex\2026-09-20\gen\outputs\GeoModelBridge\releases\Preflight-20261003/./docs/evidence/V0.1.1/visual/renders/native-jpeg-plane-top.png
-- Installing: C:\Users\Jasper\Documents\Codex\2026-09-20\gen\outputs\GeoModelBridge\releases\Preflight-20261003/./docs/evidence/V0.1.1/visual/renders/native-uv-plane-top.png
-- Installing: C:\Users\Jasper\Documents\Codex\2026-09-20\gen\outputs\GeoModelBridge\releases\Preflight-20261003/./docs/evidence/V0.1.1/visual/renders/pro-jpeg-plane-top.png
-- Installing: C:\Users\Jasper\Documents\Codex\2026-09-20\gen\outputs\GeoModelBridge\releases\Preflight-20261003/./docs/evidence/V0.1.1/visual/renders/seam-cube-oblique.png
-- Installing: C:\Users\Jasper\Documents\Codex\2026-09-20\gen\outputs\GeoModelBridge\releases\Preflight-20261003/./docs/evidence/V0.1.1/visual/renders/seam-cube-opposite.png
-- Installing: C:\Users\Jasper\Documents\Codex\2026-09-20\gen\outputs\GeoModelBridge\releases\Preflight-20261003/./docs/evidence/V0.1.1/visual/renders/seam-cube-top.png
-- Installing: C:\Users\Jasper\Documents\Codex\2026-09-20\gen\outputs\GeoModelBridge\releases\Preflight-20261003/./docs/evidence/V0.1.1/visual/renders/standalone-copy-top.png
-- Installing: C:\Users\Jasper\Documents\Codex\2026-09-20\gen\outputs\GeoModelBridge\releases\Preflight-20261003/./docs/evidence/V0.1.1/visual/renders/uv-plane-top.png
-- Installing: C:\Users\Jasper\Documents\Codex\2026-09-20\gen\outputs\GeoModelBridge\releases\Preflight-20261003/./docs/evidence/V0.1.1/visual/sources
-- Installing: C:\Users\Jasper\Documents\Codex\2026-09-20\gen\outputs\GeoModelBridge\releases\Preflight-20261003/./docs/evidence/V0.1.1/visual/sources/uv-direction.jpg
-- Installing: C:\Users\Jasper\Documents\Codex\2026-09-20\gen\outputs\GeoModelBridge\releases\Preflight-20261003/./docs/evidence/V0.1.1/visual/sources/uv-direction.png
-- Installing: C:\Users\Jasper\Documents\Codex\2026-09-20\gen\outputs\GeoModelBridge\releases\Preflight-20261003/./docs/evidence/V0.1.1/visual/visual-project.json
-- Installing: C:\Users\Jasper\Documents\Codex\2026-09-20\gen\outputs\GeoModelBridge\releases\Preflight-20261003/./docs/evidence/V0.1.10
-- Installing: C:\Users\Jasper\Documents\Codex\2026-09-20\gen\outputs\GeoModelBridge\releases\Preflight-20261003/./docs/evidence/V0.1.10/ubuntu-build.log
-- Installing: C:\Users\Jasper\Documents\Codex\2026-09-20\gen\outputs\GeoModelBridge\releases\Preflight-20261003/./docs/evidence/V0.1.10/ubuntu-ctest-final.log
-- Installing: C:\Users\Jasper\Documents\Codex\2026-09-20\gen\outputs\GeoModelBridge\releases\Preflight-20261003/./docs/evidence/V0.1.10/ubuntu-deployment.json
-- Installing: C:\Users\Jasper\Documents\Codex\2026-09-20\gen\outputs\GeoModelBridge\releases\Preflight-20261003/./docs/evidence/V0.1.10/ubuntu-deployment.log
-- Installing: C:\Users\Jasper\Documents\Codex\2026-09-20\gen\outputs\GeoModelBridge\releases\Preflight-20261003/./docs/evidence/V0.1.10/ubuntu-examples.json
-- Installing: C:\Users\Jasper\Documents\Codex\2026-09-20\gen\outputs\GeoModelBridge\releases\Preflight-20261003/./docs/evidence/V0.1.10/ubuntu-examples.log
-- Installing: C:\Users\Jasper\Documents\Codex\2026-09-20\gen\outputs\GeoModelBridge\releases\Preflight-20261003/./docs/evidence/V0.1.10/ubuntu-native.log
-- Installing: C:\Users\Jasper\Documents\Codex\2026-09-20\gen\outputs\GeoModelBridge\releases\Preflight-20261003/./docs/evidence/V0.1.10/ubuntu-package-check.log
-- Installing: C:\Users\Jasper\Documents\Codex\2026-09-20\gen\outputs\GeoModelBridge\releases\Preflight-20261003/./docs/evidence/V0.1.10/ubuntu-python-client.json
-- Installing: C:\Users\Jasper\Documents\Codex\2026-09-20\gen\outputs\GeoModelBridge\releases\Preflight-20261003/./docs/evidence/V0.1.10/ubuntu-python-client.log
-- Installing: C:\Users\Jasper\Documents\Codex\2026-09-20\gen\outputs\GeoModelBridge\releases\Preflight-20261003/./docs/evidence/V0.1.10/ubuntu-python-unit.log
-- Installing: C:\Users\Jasper\Documents\Codex\2026-09-20\gen\outputs\GeoModelBridge\releases\Preflight-20261003/./docs/evidence/V0.1.10/windows-build.log
-- Installing: C:\Users\Jasper\Documents\Codex\2026-09-20\gen\outputs\GeoModelBridge\releases\Preflight-20261003/./docs/evidence/V0.1.10/windows-ctest-final.log
-- Installing: C:\Users\Jasper\Documents\Codex\2026-09-20\gen\outputs\GeoModelBridge\releases\Preflight-20261003/./docs/evidence/V0.1.10/windows-deployment.json
-- Installing: C:\Users\Jasper\Documents\Codex\2026-09-20\gen\outputs\GeoModelBridge\releases\Preflight-20261003/./docs/evidence/V0.1.10/windows-examples.json
-- Installing: C:\Users\Jasper\Documents\Codex\2026-09-20\gen\outputs\GeoModelBridge\releases\Preflight-20261003/./docs/evidence/V0.1.10/windows-gui-initial.json
-- Installing: C:\Users\Jasper\Documents\Codex\2026-09-20\gen\outputs\GeoModelBridge\releases\Preflight-20261003/./docs/evidence/V0.1.10/windows-gui.json
-- Installing: C:\Users\Jasper\Documents\Codex\2026-09-20\gen\outputs\GeoModelBridge\releases\Preflight-20261003/./docs/evidence/V0.1.10/windows-native.log
-- Installing: C:\Users\Jasper\Documents\Codex\2026-09-20\gen\outputs\GeoModelBridge\releases\Preflight-20261003/./docs/evidence/V0.1.10/windows-package-check.log
-- Installing: C:\Users\Jasper\Documents\Codex\2026-09-20\gen\outputs\GeoModelBridge\releases\Preflight-20261003/./docs/evidence/V0.1.10/windows-python-client.json
-- Installing: C:\Users\Jasper\Documents\Codex\2026-09-20\gen\outputs\GeoModelBridge\releases\Preflight-20261003/./docs/evidence/V0.1.10/windows-python-unit.log
-- Installing: C:\Users\Jasper\Documents\Codex\2026-09-20\gen\outputs\GeoModelBridge\releases\Preflight-20261003/./docs/evidence/V0.1.11
-- Installing: C:\Users\Jasper\Documents\Codex\2026-09-20\gen\outputs\GeoModelBridge\releases\Preflight-20261003/./docs/evidence/V0.1.11/ubuntu-build-final.log
-- Installing: C:\Users\Jasper\Documents\Codex\2026-09-20\gen\outputs\GeoModelBridge\releases\Preflight-20261003/./docs/evidence/V0.1.11/ubuntu-build-initial.log
-- Installing: C:\Users\Jasper\Documents\Codex\2026-09-20\gen\outputs\GeoModelBridge\releases\Preflight-20261003/./docs/evidence/V0.1.11/ubuntu-ctest-final.log
-- Installing: C:\Users\Jasper\Documents\Codex\2026-09-20\gen\outputs\GeoModelBridge\releases\Preflight-20261003/./docs/evidence/V0.1.11/ubuntu-deployment.json
-- Installing: C:\Users\Jasper\Documents\Codex\2026-09-20\gen\outputs\GeoModelBridge\releases\Preflight-20261003/./docs/evidence/V0.1.11/ubuntu-deployment.log
-- Installing: C:\Users\Jasper\Documents\Codex\2026-09-20\gen\outputs\GeoModelBridge\releases\Preflight-20261003/./docs/evidence/V0.1.11/ubuntu-examples.json
-- Installing: C:\Users\Jasper\Documents\Codex\2026-09-20\gen\outputs\GeoModelBridge\releases\Preflight-20261003/./docs/evidence/V0.1.11/ubuntu-examples.log
-- Installing: C:\Users\Jasper\Documents\Codex\2026-09-20\gen\outputs\GeoModelBridge\releases\Preflight-20261003/./docs/evidence/V0.1.11/ubuntu-native.json
-- Installing: C:\Users\Jasper\Documents\Codex\2026-09-20\gen\outputs\GeoModelBridge\releases\Preflight-20261003/./docs/evidence/V0.1.11/ubuntu-native.log
-- Installing: C:\Users\Jasper\Documents\Codex\2026-09-20\gen\outputs\GeoModelBridge\releases\Preflight-20261003/./docs/evidence/V0.1.11/ubuntu-output-safety.log
-- Installing: C:\Users\Jasper\Documents\Codex\2026-09-20\gen\outputs\GeoModelBridge\releases\Preflight-20261003/./docs/evidence/V0.1.11/ubuntu-package-final.log
-- Installing: C:\Users\Jasper\Documents\Codex\2026-09-20\gen\outputs\GeoModelBridge\releases\Preflight-20261003/./docs/evidence/V0.1.11/ubuntu-package.log
-- Installing: C:\Users\Jasper\Documents\Codex\2026-09-20\gen\outputs\GeoModelBridge\releases\Preflight-20261003/./docs/evidence/V0.1.11/ubuntu-python-client.json
-- Installing: C:\Users\Jasper\Documents\Codex\2026-09-20\gen\outputs\GeoModelBridge\releases\Preflight-20261003/./docs/evidence/V0.1.11/ubuntu-python-client.log
-- Installing: C:\Users\Jasper\Documents\Codex\2026-09-20\gen\outputs\GeoModelBridge\releases\Preflight-20261003/./docs/evidence/V0.1.11/ubuntu-python-unit.log
-- Installing: C:\Users\Jasper\Documents\Codex\2026-09-20\gen\outputs\GeoModelBridge\releases\Preflight-20261003/./docs/evidence/V0.1.11/windows-build-final.log
-- Installing: C:\Users\Jasper\Documents\Codex\2026-09-20\gen\outputs\GeoModelBridge\releases\Preflight-20261003/./docs/evidence/V0.1.11/windows-build-initial.log
-- Installing: C:\Users\Jasper\Documents\Codex\2026-09-20\gen\outputs\GeoModelBridge\releases\Preflight-20261003/./docs/evidence/V0.1.11/windows-ctest-final.log
-- Installing: C:\Users\Jasper\Documents\Codex\2026-09-20\gen\outputs\GeoModelBridge\releases\Preflight-20261003/./docs/evidence/V0.1.11/windows-deployment.json
-- Installing: C:\Users\Jasper\Documents\Codex\2026-09-20\gen\outputs\GeoModelBridge\releases\Preflight-20261003/./docs/evidence/V0.1.11/windows-deployment.log
-- Installing: C:\Users\Jasper\Documents\Codex\2026-09-20\gen\outputs\GeoModelBridge\releases\Preflight-20261003/./docs/evidence/V0.1.11/windows-examples.json
-- Installing: C:\Users\Jasper\Documents\Codex\2026-09-20\gen\outputs\GeoModelBridge\releases\Preflight-20261003/./docs/evidence/V0.1.11/windows-examples.log
-- Installing: C:\Users\Jasper\Documents\Codex\2026-09-20\gen\outputs\GeoModelBridge\releases\Preflight-20261003/./docs/evidence/V0.1.11/windows-gui.json
-- Installing: C:\Users\Jasper\Documents\Codex\2026-09-20\gen\outputs\GeoModelBridge\releases\Preflight-20261003/./docs/evidence/V0.1.11/windows-gui.log
-- Installing: C:\Users\Jasper\Documents\Codex\2026-09-20\gen\outputs\GeoModelBridge\releases\Preflight-20261003/./docs/evidence/V0.1.11/windows-native.json
-- Installing: C:\Users\Jasper\Documents\Codex\2026-09-20\gen\outputs\GeoModelBridge\releases\Preflight-20261003/./docs/evidence/V0.1.11/windows-native.log
-- Installing: C:\Users\Jasper\Documents\Codex\2026-09-20\gen\outputs\GeoModelBridge\releases\Preflight-20261003/./docs/evidence/V0.1.11/windows-output-build.log
-- Installing: C:\Users\Jasper\Documents\Codex\2026-09-20\gen\outputs\GeoModelBridge\releases\Preflight-20261003/./docs/evidence/V0.1.11/windows-output-safety.log
-- Installing: C:\Users\Jasper\Documents\Codex\2026-09-20\gen\outputs\GeoModelBridge\releases\Preflight-20261003/./docs/evidence/V0.1.11/windows-package-final.log
-- Installing: C:\Users\Jasper\Documents\Codex\2026-09-20\gen\outputs\GeoModelBridge\releases\Preflight-20261003/./docs/evidence/V0.1.11/windows-package.log
-- Installing: C:\Users\Jasper\Documents\Codex\2026-09-20\gen\outputs\GeoModelBridge\releases\Preflight-20261003/./docs/evidence/V0.1.11/windows-python-client.json
-- Installing: C:\Users\Jasper\Documents\Codex\2026-09-20\gen\outputs\GeoModelBridge\releases\Preflight-20261003/./docs/evidence/V0.1.11/windows-python-client.log
-- Installing: C:\Users\Jasper\Documents\Codex\2026-09-20\gen\outputs\GeoModelBridge\releases\Preflight-20261003/./docs/evidence/V0.1.11/windows-python-unit.log
-- Installing: C:\Users\Jasper\Documents\Codex\2026-09-20\gen\outputs\GeoModelBridge\releases\Preflight-20261003/./docs/evidence/V0.1.12
-- Installing: C:\Users\Jasper\Documents\Codex\2026-09-20\gen\outputs\GeoModelBridge\releases\Preflight-20261003/./docs/evidence/V0.1.12/texture-path-before-after.json
-- Installing: C:\Users\Jasper\Documents\Codex\2026-09-20\gen\outputs\GeoModelBridge\releases\Preflight-20261003/./docs/evidence/V0.1.12/ubuntu-build-final.log
-- Installing: C:\Users\Jasper\Documents\Codex\2026-09-20\gen\outputs\GeoModelBridge\releases\Preflight-20261003/./docs/evidence/V0.1.12/ubuntu-ctest-final.log
-- Installing: C:\Users\Jasper\Documents\Codex\2026-09-20\gen\outputs\GeoModelBridge\releases\Preflight-20261003/./docs/evidence/V0.1.12/ubuntu-deployment.json
-- Installing: C:\Users\Jasper\Documents\Codex\2026-09-20\gen\outputs\GeoModelBridge\releases\Preflight-20261003/./docs/evidence/V0.1.12/ubuntu-deployment.log
-- Installing: C:\Users\Jasper\Documents\Codex\2026-09-20\gen\outputs\GeoModelBridge\releases\Preflight-20261003/./docs/evidence/V0.1.12/ubuntu-examples.json
-- Installing: C:\Users\Jasper\Documents\Codex\2026-09-20\gen\outputs\GeoModelBridge\releases\Preflight-20261003/./docs/evidence/V0.1.12/ubuntu-examples.log
-- Installing: C:\Users\Jasper\Documents\Codex\2026-09-20\gen\outputs\GeoModelBridge\releases\Preflight-20261003/./docs/evidence/V0.1.12/ubuntu-missing-textures.log
-- Installing: C:\Users\Jasper\Documents\Codex\2026-09-20\gen\outputs\GeoModelBridge\releases\Preflight-20261003/./docs/evidence/V0.1.12/ubuntu-native.json
-- Installing: C:\Users\Jasper\Documents\Codex\2026-09-20\gen\outputs\GeoModelBridge\releases\Preflight-20261003/./docs/evidence/V0.1.12/ubuntu-native.log
-- Installing: C:\Users\Jasper\Documents\Codex\2026-09-20\gen\outputs\GeoModelBridge\releases\Preflight-20261003/./docs/evidence/V0.1.12/ubuntu-package.log
-- Installing: C:\Users\Jasper\Documents\Codex\2026-09-20\gen\outputs\GeoModelBridge\releases\Preflight-20261003/./docs/evidence/V0.1.12/ubuntu-python-client.json
-- Installing: C:\Users\Jasper\Documents\Codex\2026-09-20\gen\outputs\GeoModelBridge\releases\Preflight-20261003/./docs/evidence/V0.1.12/ubuntu-python-client.log
-- Installing: C:\Users\Jasper\Documents\Codex\2026-09-20\gen\outputs\GeoModelBridge\releases\Preflight-20261003/./docs/evidence/V0.1.12/ubuntu-python-unit.log
-- Installing: C:\Users\Jasper\Documents\Codex\2026-09-20\gen\outputs\GeoModelBridge\releases\Preflight-20261003/./docs/evidence/V0.1.12/windows-build-final.log
-- Installing: C:\Users\Jasper\Documents\Codex\2026-09-20\gen\outputs\GeoModelBridge\releases\Preflight-20261003/./docs/evidence/V0.1.12/windows-build-initial.log
-- Installing: C:\Users\Jasper\Documents\Codex\2026-09-20\gen\outputs\GeoModelBridge\releases\Preflight-20261003/./docs/evidence/V0.1.12/windows-ctest-final.log
-- Installing: C:\Users\Jasper\Documents\Codex\2026-09-20\gen\outputs\GeoModelBridge\releases\Preflight-20261003/./docs/evidence/V0.1.12/windows-deployment.json
-- Installing: C:\Users\Jasper\Documents\Codex\2026-09-20\gen\outputs\GeoModelBridge\releases\Preflight-20261003/./docs/evidence/V0.1.12/windows-deployment.log
-- Installing: C:\Users\Jasper\Documents\Codex\2026-09-20\gen\outputs\GeoModelBridge\releases\Preflight-20261003/./docs/evidence/V0.1.12/windows-examples.json
-- Installing: C:\Users\Jasper\Documents\Codex\2026-09-20\gen\outputs\GeoModelBridge\releases\Preflight-20261003/./docs/evidence/V0.1.12/windows-examples.log
-- Installing: C:\Users\Jasper\Documents\Codex\2026-09-20\gen\outputs\GeoModelBridge\releases\Preflight-20261003/./docs/evidence/V0.1.12/windows-gui.json
-- Installing: C:\Users\Jasper\Documents\Codex\2026-09-20\gen\outputs\GeoModelBridge\releases\Preflight-20261003/./docs/evidence/V0.1.12/windows-gui.log
-- Installing: C:\Users\Jasper\Documents\Codex\2026-09-20\gen\outputs\GeoModelBridge\releases\Preflight-20261003/./docs/evidence/V0.1.12/windows-missing-textures.log
-- Installing: C:\Users\Jasper\Documents\Codex\2026-09-20\gen\outputs\GeoModelBridge\releases\Preflight-20261003/./docs/evidence/V0.1.12/windows-native.json
-- Installing: C:\Users\Jasper\Documents\Codex\2026-09-20\gen\outputs\GeoModelBridge\releases\Preflight-20261003/./docs/evidence/V0.1.12/windows-native.log
-- Installing: C:\Users\Jasper\Documents\Codex\2026-09-20\gen\outputs\GeoModelBridge\releases\Preflight-20261003/./docs/evidence/V0.1.12/windows-package.log
-- Installing: C:\Users\Jasper\Documents\Codex\2026-09-20\gen\outputs\GeoModelBridge\releases\Preflight-20261003/./docs/evidence/V0.1.12/windows-python-client.json
-- Installing: C:\Users\Jasper\Documents\Codex\2026-09-20\gen\outputs\GeoModelBridge\releases\Preflight-20261003/./docs/evidence/V0.1.12/windows-python-client.log
-- Installing: C:\Users\Jasper\Documents\Codex\2026-09-20\gen\outputs\GeoModelBridge\releases\Preflight-20261003/./docs/evidence/V0.1.12/windows-python-unit.log
-- Installing: C:\Users\Jasper\Documents\Codex\2026-09-20\gen\outputs\GeoModelBridge\releases\Preflight-20261003/./docs/evidence/V0.1.13
-- Installing: C:\Users\Jasper\Documents\Codex\2026-09-20\gen\outputs\GeoModelBridge\releases\Preflight-20261003/./docs/evidence/V0.1.13/ubuntu-build-final.log
-- Installing: C:\Users\Jasper\Documents\Codex\2026-09-20\gen\outputs\GeoModelBridge\releases\Preflight-20261003/./docs/evidence/V0.1.13/ubuntu-build.log
-- Installing: C:\Users\Jasper\Documents\Codex\2026-09-20\gen\outputs\GeoModelBridge\releases\Preflight-20261003/./docs/evidence/V0.1.13/ubuntu-ctest-final.log
-- Installing: C:\Users\Jasper\Documents\Codex\2026-09-20\gen\outputs\GeoModelBridge\releases\Preflight-20261003/./docs/evidence/V0.1.13/ubuntu-deployment.json
-- Installing: C:\Users\Jasper\Documents\Codex\2026-09-20\gen\outputs\GeoModelBridge\releases\Preflight-20261003/./docs/evidence/V0.1.13/ubuntu-deployment.log
-- Installing: C:\Users\Jasper\Documents\Codex\2026-09-20\gen\outputs\GeoModelBridge\releases\Preflight-20261003/./docs/evidence/V0.1.13/ubuntu-doc-bash.log
-- Installing: C:\Users\Jasper\Documents\Codex\2026-09-20\gen\outputs\GeoModelBridge\releases\Preflight-20261003/./docs/evidence/V0.1.13/ubuntu-examples.json
-- Installing: C:\Users\Jasper\Documents\Codex\2026-09-20\gen\outputs\GeoModelBridge\releases\Preflight-20261003/./docs/evidence/V0.1.13/ubuntu-examples.log
-- Installing: C:\Users\Jasper\Documents\Codex\2026-09-20\gen\outputs\GeoModelBridge\releases\Preflight-20261003/./docs/evidence/V0.1.13/ubuntu-native.json
-- Installing: C:\Users\Jasper\Documents\Codex\2026-09-20\gen\outputs\GeoModelBridge\releases\Preflight-20261003/./docs/evidence/V0.1.13/ubuntu-native.log
-- Installing: C:\Users\Jasper\Documents\Codex\2026-09-20\gen\outputs\GeoModelBridge\releases\Preflight-20261003/./docs/evidence/V0.1.13/ubuntu-package.log
-- Installing: C:\Users\Jasper\Documents\Codex\2026-09-20\gen\outputs\GeoModelBridge\releases\Preflight-20261003/./docs/evidence/V0.1.13/ubuntu-python-client.json
-- Installing: C:\Users\Jasper\Documents\Codex\2026-09-20\gen\outputs\GeoModelBridge\releases\Preflight-20261003/./docs/evidence/V0.1.13/ubuntu-python-client.log
-- Installing: C:\Users\Jasper\Documents\Codex\2026-09-20\gen\outputs\GeoModelBridge\releases\Preflight-20261003/./docs/evidence/V0.1.13/ubuntu-python-unit.log
-- Installing: C:\Users\Jasper\Documents\Codex\2026-09-20\gen\outputs\GeoModelBridge\releases\Preflight-20261003/./docs/evidence/V0.1.13/ubuntu-runtime-recovery.log
-- Installing: C:\Users\Jasper\Documents\Codex\2026-09-20\gen\outputs\GeoModelBridge\releases\Preflight-20261003/./docs/evidence/V0.1.13/ubuntu-writer-dependencies.log
-- Installing: C:\Users\Jasper\Documents\Codex\2026-09-20\gen\outputs\GeoModelBridge\releases\Preflight-20261003/./docs/evidence/V0.1.13/windows-build-final.log
-- Installing: C:\Users\Jasper\Documents\Codex\2026-09-20\gen\outputs\GeoModelBridge\releases\Preflight-20261003/./docs/evidence/V0.1.13/windows-build.log
-- Installing: C:\Users\Jasper\Documents\Codex\2026-09-20\gen\outputs\GeoModelBridge\releases\Preflight-20261003/./docs/evidence/V0.1.13/windows-ctest-final.log
-- Installing: C:\Users\Jasper\Documents\Codex\2026-09-20\gen\outputs\GeoModelBridge\releases\Preflight-20261003/./docs/evidence/V0.1.13/windows-default-build.log
-- Installing: C:\Users\Jasper\Documents\Codex\2026-09-20\gen\outputs\GeoModelBridge\releases\Preflight-20261003/./docs/evidence/V0.1.13/windows-deployment.json
-- Installing: C:\Users\Jasper\Documents\Codex\2026-09-20\gen\outputs\GeoModelBridge\releases\Preflight-20261003/./docs/evidence/V0.1.13/windows-deployment.log
-- Installing: C:\Users\Jasper\Documents\Codex\2026-09-20\gen\outputs\GeoModelBridge\releases\Preflight-20261003/./docs/evidence/V0.1.13/windows-doc-cmd.log
-- Installing: C:\Users\Jasper\Documents\Codex\2026-09-20\gen\outputs\GeoModelBridge\releases\Preflight-20261003/./docs/evidence/V0.1.13/windows-doc-powershell-final.log
-- Installing: C:\Users\Jasper\Documents\Codex\2026-09-20\gen\outputs\GeoModelBridge\releases\Preflight-20261003/./docs/evidence/V0.1.13/windows-doc-powershell.log
-- Installing: C:\Users\Jasper\Documents\Codex\2026-09-20\gen\outputs\GeoModelBridge\releases\Preflight-20261003/./docs/evidence/V0.1.13/windows-examples.json
-- Installing: C:\Users\Jasper\Documents\Codex\2026-09-20\gen\outputs\GeoModelBridge\releases\Preflight-20261003/./docs/evidence/V0.1.13/windows-examples.log
-- Installing: C:\Users\Jasper\Documents\Codex\2026-09-20\gen\outputs\GeoModelBridge\releases\Preflight-20261003/./docs/evidence/V0.1.13/windows-gui.json
-- Installing: C:\Users\Jasper\Documents\Codex\2026-09-20\gen\outputs\GeoModelBridge\releases\Preflight-20261003/./docs/evidence/V0.1.13/windows-gui.log
-- Installing: C:\Users\Jasper\Documents\Codex\2026-09-20\gen\outputs\GeoModelBridge\releases\Preflight-20261003/./docs/evidence/V0.1.13/windows-invalid-build.log
-- Installing: C:\Users\Jasper\Documents\Codex\2026-09-20\gen\outputs\GeoModelBridge\releases\Preflight-20261003/./docs/evidence/V0.1.13/windows-native.json
-- Installing: C:\Users\Jasper\Documents\Codex\2026-09-20\gen\outputs\GeoModelBridge\releases\Preflight-20261003/./docs/evidence/V0.1.13/windows-native.log
-- Installing: C:\Users\Jasper\Documents\Codex\2026-09-20\gen\outputs\GeoModelBridge\releases\Preflight-20261003/./docs/evidence/V0.1.13/windows-package.log
-- Installing: C:\Users\Jasper\Documents\Codex\2026-09-20\gen\outputs\GeoModelBridge\releases\Preflight-20261003/./docs/evidence/V0.1.13/windows-python-client.json
-- Installing: C:\Users\Jasper\Documents\Codex\2026-09-20\gen\outputs\GeoModelBridge\releases\Preflight-20261003/./docs/evidence/V0.1.13/windows-python-client.log
-- Installing: C:\Users\Jasper\Documents\Codex\2026-09-20\gen\outputs\GeoModelBridge\releases\Preflight-20261003/./docs/evidence/V0.1.13/windows-python-unit.log
-- Installing: C:\Users\Jasper\Documents\Codex\2026-09-20\gen\outputs\GeoModelBridge\releases\Preflight-20261003/./docs/evidence/V0.1.13/windows-runtime-off.log
-- Installing: C:\Users\Jasper\Documents\Codex\2026-09-20\gen\outputs\GeoModelBridge\releases\Preflight-20261003/./docs/evidence/V0.1.13/windows-runtime-recovery-target.log
-- Installing: C:\Users\Jasper\Documents\Codex\2026-09-20\gen\outputs\GeoModelBridge\releases\Preflight-20261003/./docs/evidence/V0.1.13/windows-runtime-recovery.log
-- Installing: C:\Users\Jasper\Documents\Codex\2026-09-20\gen\outputs\GeoModelBridge\releases\Preflight-20261003/./docs/evidence/V0.1.13/windows-writer-dependencies.log
-- Installing: C:\Users\Jasper\Documents\Codex\2026-09-20\gen\outputs\GeoModelBridge\releases\Preflight-20261003/./docs/evidence/V0.1.14
-- Installing: C:\Users\Jasper\Documents\Codex\2026-09-20\gen\outputs\GeoModelBridge\releases\Preflight-20261003/./docs/evidence/V0.1.14/ubuntu-build-final.log
-- Installing: C:\Users\Jasper\Documents\Codex\2026-09-20\gen\outputs\GeoModelBridge\releases\Preflight-20261003/./docs/evidence/V0.1.14/ubuntu-build.log
-- Installing: C:\Users\Jasper\Documents\Codex\2026-09-20\gen\outputs\GeoModelBridge\releases\Preflight-20261003/./docs/evidence/V0.1.14/ubuntu-core-config.log
-- Installing: C:\Users\Jasper\Documents\Codex\2026-09-20\gen\outputs\GeoModelBridge\releases\Preflight-20261003/./docs/evidence/V0.1.14/ubuntu-ctest.log
-- Installing: C:\Users\Jasper\Documents\Codex\2026-09-20\gen\outputs\GeoModelBridge\releases\Preflight-20261003/./docs/evidence/V0.1.14/ubuntu-deployment.json
-- Installing: C:\Users\Jasper\Documents\Codex\2026-09-20\gen\outputs\GeoModelBridge\releases\Preflight-20261003/./docs/evidence/V0.1.14/ubuntu-deployment.log
-- Installing: C:\Users\Jasper\Documents\Codex\2026-09-20\gen\outputs\GeoModelBridge\releases\Preflight-20261003/./docs/evidence/V0.1.14/ubuntu-examples.json
-- Installing: C:\Users\Jasper\Documents\Codex\2026-09-20\gen\outputs\GeoModelBridge\releases\Preflight-20261003/./docs/evidence/V0.1.14/ubuntu-examples.log
-- Installing: C:\Users\Jasper\Documents\Codex\2026-09-20\gen\outputs\GeoModelBridge\releases\Preflight-20261003/./docs/evidence/V0.1.14/ubuntu-native.json
-- Installing: C:\Users\Jasper\Documents\Codex\2026-09-20\gen\outputs\GeoModelBridge\releases\Preflight-20261003/./docs/evidence/V0.1.14/ubuntu-native.log
-- Installing: C:\Users\Jasper\Documents\Codex\2026-09-20\gen\outputs\GeoModelBridge\releases\Preflight-20261003/./docs/evidence/V0.1.14/ubuntu-package.log
-- Installing: C:\Users\Jasper\Documents\Codex\2026-09-20\gen\outputs\GeoModelBridge\releases\Preflight-20261003/./docs/evidence/V0.1.14/ubuntu-python-client.json
-- Installing: C:\Users\Jasper\Documents\Codex\2026-09-20\gen\outputs\GeoModelBridge\releases\Preflight-20261003/./docs/evidence/V0.1.14/ubuntu-python-client.log
-- Installing: C:\Users\Jasper\Documents\Codex\2026-09-20\gen\outputs\GeoModelBridge\releases\Preflight-20261003/./docs/evidence/V0.1.14/ubuntu-python-unit.log
-- Installing: C:\Users\Jasper\Documents\Codex\2026-09-20\gen\outputs\GeoModelBridge\releases\Preflight-20261003/./docs/evidence/V0.1.14/windows-build.log
-- Installing: C:\Users\Jasper\Documents\Codex\2026-09-20\gen\outputs\GeoModelBridge\releases\Preflight-20261003/./docs/evidence/V0.1.14/windows-core.log
-- Installing: C:\Users\Jasper\Documents\Codex\2026-09-20\gen\outputs\GeoModelBridge\releases\Preflight-20261003/./docs/evidence/V0.1.14/windows-ctest.log
-- Installing: C:\Users\Jasper\Documents\Codex\2026-09-20\gen\outputs\GeoModelBridge\releases\Preflight-20261003/./docs/evidence/V0.1.14/windows-deployment.json
-- Installing: C:\Users\Jasper\Documents\Codex\2026-09-20\gen\outputs\GeoModelBridge\releases\Preflight-20261003/./docs/evidence/V0.1.14/windows-deployment.log
-- Installing: C:\Users\Jasper\Documents\Codex\2026-09-20\gen\outputs\GeoModelBridge\releases\Preflight-20261003/./docs/evidence/V0.1.14/windows-examples.json
-- Installing: C:\Users\Jasper\Documents\Codex\2026-09-20\gen\outputs\GeoModelBridge\releases\Preflight-20261003/./docs/evidence/V0.1.14/windows-examples.log
-- Installing: C:\Users\Jasper\Documents\Codex\2026-09-20\gen\outputs\GeoModelBridge\releases\Preflight-20261003/./docs/evidence/V0.1.14/windows-gui.json
-- Installing: C:\Users\Jasper\Documents\Codex\2026-09-20\gen\outputs\GeoModelBridge\releases\Preflight-20261003/./docs/evidence/V0.1.14/windows-gui.log
-- Installing: C:\Users\Jasper\Documents\Codex\2026-09-20\gen\outputs\GeoModelBridge\releases\Preflight-20261003/./docs/evidence/V0.1.14/windows-missing-sdk.log
-- Installing: C:\Users\Jasper\Documents\Codex\2026-09-20\gen\outputs\GeoModelBridge\releases\Preflight-20261003/./docs/evidence/V0.1.14/windows-multiconfig.log
-- Installing: C:\Users\Jasper\Documents\Codex\2026-09-20\gen\outputs\GeoModelBridge\releases\Preflight-20261003/./docs/evidence/V0.1.14/windows-native.json
-- Installing: C:\Users\Jasper\Documents\Codex\2026-09-20\gen\outputs\GeoModelBridge\releases\Preflight-20261003/./docs/evidence/V0.1.14/windows-native.log
-- Installing: C:\Users\Jasper\Documents\Codex\2026-09-20\gen\outputs\GeoModelBridge\releases\Preflight-20261003/./docs/evidence/V0.1.14/windows-package.log
-- Installing: C:\Users\Jasper\Documents\Codex\2026-09-20\gen\outputs\GeoModelBridge\releases\Preflight-20261003/./docs/evidence/V0.1.14/windows-python-client.json
-- Installing: C:\Users\Jasper\Documents\Codex\2026-09-20\gen\outputs\GeoModelBridge\releases\Preflight-20261003/./docs/evidence/V0.1.14/windows-python-client.log
-- Installing: C:\Users\Jasper\Documents\Codex\2026-09-20\gen\outputs\GeoModelBridge\releases\Preflight-20261003/./docs/evidence/V0.1.14/windows-python-unit.log
-- Installing: C:\Users\Jasper\Documents\Codex\2026-09-20\gen\outputs\GeoModelBridge\releases\Preflight-20261003/./docs/evidence/V0.1.14/windows-release-preset.log
-- Installing: C:\Users\Jasper\Documents\Codex\2026-09-20\gen\outputs\GeoModelBridge\releases\Preflight-20261003/./docs/evidence/V0.1.14/windows-user-configure.log
-- Installing: C:\Users\Jasper\Documents\Codex\2026-09-20\gen\outputs\GeoModelBridge\releases\Preflight-20261003/./docs/evidence/V0.1.2
-- Installing: C:\Users\Jasper\Documents\Codex\2026-09-20\gen\outputs\GeoModelBridge\releases\Preflight-20261003/./docs/evidence/V0.1.2/build.log
-- Installing: C:\Users\Jasper\Documents\Codex\2026-09-20\gen\outputs\GeoModelBridge\releases\Preflight-20261003/./docs/evidence/V0.1.2/core-tests.log
-- Installing: C:\Users\Jasper\Documents\Codex\2026-09-20\gen\outputs\GeoModelBridge\releases\Preflight-20261003/./docs/evidence/V0.1.2/dotnet-runtime-licenses.json
-- Installing: C:\Users\Jasper\Documents\Codex\2026-09-20\gen\outputs\GeoModelBridge\releases\Preflight-20261003/./docs/evidence/V0.1.2/gui-demo-reset.txt
-- Installing: C:\Users\Jasper\Documents\Codex\2026-09-20\gen\outputs\GeoModelBridge\releases\Preflight-20261003/./docs/evidence/V0.1.2/gui-native-report.json
-- Installing: C:\Users\Jasper\Documents\Codex\2026-09-20\gen\outputs\GeoModelBridge\releases\Preflight-20261003/./docs/evidence/V0.1.2/gui-native-success.png
-- Installing: C:\Users\Jasper\Documents\Codex\2026-09-20\gen\outputs\GeoModelBridge\releases\Preflight-20261003/./docs/evidence/V0.1.2/gui-native-success.txt
-- Installing: C:\Users\Jasper\Documents\Codex\2026-09-20\gen\outputs\GeoModelBridge\releases\Preflight-20261003/./docs/evidence/V0.1.2/gui-pro-probe.txt
-- Installing: C:\Users\Jasper\Documents\Codex\2026-09-20\gen\outputs\GeoModelBridge\releases\Preflight-20261003/./docs/evidence/V0.1.2/gui-tests.json
-- Installing: C:\Users\Jasper\Documents\Codex\2026-09-20\gen\outputs\GeoModelBridge\releases\Preflight-20261003/./docs/evidence/V0.1.2/gui-ui-checks.json
-- Installing: C:\Users\Jasper\Documents\Codex\2026-09-20\gen\outputs\GeoModelBridge\releases\Preflight-20261003/./docs/evidence/V0.1.2/native-tests.json
-- Installing: C:\Users\Jasper\Documents\Codex\2026-09-20\gen\outputs\GeoModelBridge\releases\Preflight-20261003/./docs/evidence/V0.1.2/pro-tests.json
-- Installing: C:\Users\Jasper\Documents\Codex\2026-09-20\gen\outputs\GeoModelBridge\releases\Preflight-20261003/./docs/evidence/V0.1.3
-- Installing: C:\Users\Jasper\Documents\Codex\2026-09-20\gen\outputs\GeoModelBridge\releases\Preflight-20261003/./docs/evidence/V0.1.3/baseline-v012.json
-- Installing: C:\Users\Jasper\Documents\Codex\2026-09-20\gen\outputs\GeoModelBridge\releases\Preflight-20261003/./docs/evidence/V0.1.3/core-build.log
-- Installing: C:\Users\Jasper\Documents\Codex\2026-09-20\gen\outputs\GeoModelBridge\releases\Preflight-20261003/./docs/evidence/V0.1.3/core-tests.log
-- Installing: C:\Users\Jasper\Documents\Codex\2026-09-20\gen\outputs\GeoModelBridge\releases\Preflight-20261003/./docs/evidence/V0.1.3/dotnet-runtime-licenses.json
-- Installing: C:\Users\Jasper\Documents\Codex\2026-09-20\gen\outputs\GeoModelBridge\releases\Preflight-20261003/./docs/evidence/V0.1.3/final-strict-inspection.json
-- Installing: C:\Users\Jasper\Documents\Codex\2026-09-20\gen\outputs\GeoModelBridge\releases\Preflight-20261003/./docs/evidence/V0.1.3/gui-build-final.log
-- Installing: C:\Users\Jasper\Documents\Codex\2026-09-20\gen\outputs\GeoModelBridge\releases\Preflight-20261003/./docs/evidence/V0.1.3/gui-native-report.json
-- Installing: C:\Users\Jasper\Documents\Codex\2026-09-20\gen\outputs\GeoModelBridge\releases\Preflight-20261003/./docs/evidence/V0.1.3/gui-no-overwrite-hashes.json
-- Installing: C:\Users\Jasper\Documents\Codex\2026-09-20\gen\outputs\GeoModelBridge\releases\Preflight-20261003/./docs/evidence/V0.1.3/gui-no-overwrite.png
-- Installing: C:\Users\Jasper\Documents\Codex\2026-09-20\gen\outputs\GeoModelBridge\releases\Preflight-20261003/./docs/evidence/V0.1.3/gui-no-overwrite.txt
-- Installing: C:\Users\Jasper\Documents\Codex\2026-09-20\gen\outputs\GeoModelBridge\releases\Preflight-20261003/./docs/evidence/V0.1.3/gui-raw-report.png
-- Installing: C:\Users\Jasper\Documents\Codex\2026-09-20\gen\outputs\GeoModelBridge\releases\Preflight-20261003/./docs/evidence/V0.1.3/gui-readable-report.png
-- Installing: C:\Users\Jasper\Documents\Codex\2026-09-20\gen\outputs\GeoModelBridge\releases\Preflight-20261003/./docs/evidence/V0.1.3/gui-readable-report.txt
-- Installing: C:\Users\Jasper\Documents\Codex\2026-09-20\gen\outputs\GeoModelBridge\releases\Preflight-20261003/./docs/evidence/V0.1.3/gui-real-success.png
-- Installing: C:\Users\Jasper\Documents\Codex\2026-09-20\gen\outputs\GeoModelBridge\releases\Preflight-20261003/./docs/evidence/V0.1.3/gui-real-success.txt
-- Installing: C:\Users\Jasper\Documents\Codex\2026-09-20\gen\outputs\GeoModelBridge\releases\Preflight-20261003/./docs/evidence/V0.1.3/gui-result-independent-pro.json
-- Installing: C:\Users\Jasper\Documents\Codex\2026-09-20\gen\outputs\GeoModelBridge\releases\Preflight-20261003/./docs/evidence/V0.1.3/gui-result-independent-pro.log
-- Installing: C:\Users\Jasper\Documents\Codex\2026-09-20\gen\outputs\GeoModelBridge\releases\Preflight-20261003/./docs/evidence/V0.1.3/gui-retry-new-name.png
-- Installing: C:\Users\Jasper\Documents\Codex\2026-09-20\gen\outputs\GeoModelBridge\releases\Preflight-20261003/./docs/evidence/V0.1.3/gui-strict-failure.png
-- Installing: C:\Users\Jasper\Documents\Codex\2026-09-20\gen\outputs\GeoModelBridge\releases\Preflight-20261003/./docs/evidence/V0.1.3/gui-tests.json
-- Installing: C:\Users\Jasper\Documents\Codex\2026-09-20\gen\outputs\GeoModelBridge\releases\Preflight-20261003/./docs/evidence/V0.1.3/independent-pro-tool
-- Installing: C:\Users\Jasper\Documents\Codex\2026-09-20\gen\outputs\GeoModelBridge\releases\Preflight-20261003/./docs/evidence/V0.1.3/independent-pro-tool/README.md
-- Installing: C:\Users\Jasper\Documents\Codex\2026-09-20\gen\outputs\GeoModelBridge\releases\Preflight-20261003/./docs/evidence/V0.1.3/input-inspection.json
-- Installing: C:\Users\Jasper\Documents\Codex\2026-09-20\gen\outputs\GeoModelBridge\releases\Preflight-20261003/./docs/evidence/V0.1.3/jpeg-normalization-pixels.json
-- Installing: C:\Users\Jasper\Documents\Codex\2026-09-20\gen\outputs\GeoModelBridge\releases\Preflight-20261003/./docs/evidence/V0.1.3/native-pro-coordinate-differences.json
-- Installing: C:\Users\Jasper\Documents\Codex\2026-09-20\gen\outputs\GeoModelBridge\releases\Preflight-20261003/./docs/evidence/V0.1.3/native-read-by-pro-final.log
-- Installing: C:\Users\Jasper\Documents\Codex\2026-09-20\gen\outputs\GeoModelBridge\releases\Preflight-20261003/./docs/evidence/V0.1.3/native-read-by-pro.json
-- Installing: C:\Users\Jasper\Documents\Codex\2026-09-20\gen\outputs\GeoModelBridge\releases\Preflight-20261003/./docs/evidence/V0.1.3/native-tests-final.log
-- Installing: C:\Users\Jasper\Documents\Codex\2026-09-20\gen\outputs\GeoModelBridge\releases\Preflight-20261003/./docs/evidence/V0.1.3/native-tests.json
-- Installing: C:\Users\Jasper\Documents\Codex\2026-09-20\gen\outputs\GeoModelBridge\releases\Preflight-20261003/./docs/evidence/V0.1.3/original-files-unchanged.json
-- Installing: C:\Users\Jasper\Documents\Codex\2026-09-20\gen\outputs\GeoModelBridge\releases\Preflight-20261003/./docs/evidence/V0.1.3/pro-tests-jpeg-final.log
-- Installing: C:\Users\Jasper\Documents\Codex\2026-09-20\gen\outputs\GeoModelBridge\releases\Preflight-20261003/./docs/evidence/V0.1.3/pro-tests.json
-- Installing: C:\Users\Jasper\Documents\Codex\2026-09-20\gen\outputs\GeoModelBridge\releases\Preflight-20261003/./docs/evidence/V0.1.3/profile-tests.txt
-- Installing: C:\Users\Jasper\Documents\Codex\2026-09-20\gen\outputs\GeoModelBridge\releases\Preflight-20261003/./docs/evidence/V0.1.3/real-pro-report.json
-- Installing: C:\Users\Jasper\Documents\Codex\2026-09-20\gen\outputs\GeoModelBridge\releases\Preflight-20261003/./docs/evidence/V0.1.3/release-files.json
-- Installing: C:\Users\Jasper\Documents\Codex\2026-09-20\gen\outputs\GeoModelBridge\releases\Preflight-20261003/./docs/evidence/V0.1.4
-- Installing: C:\Users\Jasper\Documents\Codex\2026-09-20\gen\outputs\GeoModelBridge\releases\Preflight-20261003/./docs/evidence/V0.1.4/baseline-prepare.json
-- Installing: C:\Users\Jasper\Documents\Codex\2026-09-20\gen\outputs\GeoModelBridge\releases\Preflight-20261003/./docs/evidence/V0.1.4/benchmark_prepare.py
-- Installing: C:\Users\Jasper\Documents\Codex\2026-09-20\gen\outputs\GeoModelBridge\releases\Preflight-20261003/./docs/evidence/V0.1.4/core-build.log
-- Installing: C:\Users\Jasper\Documents\Codex\2026-09-20\gen\outputs\GeoModelBridge\releases\Preflight-20261003/./docs/evidence/V0.1.4/core-tests.log
-- Installing: C:\Users\Jasper\Documents\Codex\2026-09-20\gen\outputs\GeoModelBridge\releases\Preflight-20261003/./docs/evidence/V0.1.4/gui-build.log
-- Installing: C:\Users\Jasper\Documents\Codex\2026-09-20\gen\outputs\GeoModelBridge\releases\Preflight-20261003/./docs/evidence/V0.1.4/gui-release-report.json
-- Installing: C:\Users\Jasper\Documents\Codex\2026-09-20\gen\outputs\GeoModelBridge\releases\Preflight-20261003/./docs/evidence/V0.1.4/gui-release-success.png
-- Installing: C:\Users\Jasper\Documents\Codex\2026-09-20\gen\outputs\GeoModelBridge\releases\Preflight-20261003/./docs/evidence/V0.1.4/gui-release-success.txt
-- Installing: C:\Users\Jasper\Documents\Codex\2026-09-20\gen\outputs\GeoModelBridge\releases\Preflight-20261003/./docs/evidence/V0.1.4/gui-tests.json
-- Installing: C:\Users\Jasper\Documents\Codex\2026-09-20\gen\outputs\GeoModelBridge\releases\Preflight-20261003/./docs/evidence/V0.1.4/native-tests.json
-- Installing: C:\Users\Jasper\Documents\Codex\2026-09-20\gen\outputs\GeoModelBridge\releases\Preflight-20261003/./docs/evidence/V0.1.4/native-tests.log
-- Installing: C:\Users\Jasper\Documents\Codex\2026-09-20\gen\outputs\GeoModelBridge\releases\Preflight-20261003/./docs/evidence/V0.1.4/original-files-unchanged.json
-- Installing: C:\Users\Jasper\Documents\Codex\2026-09-20\gen\outputs\GeoModelBridge\releases\Preflight-20261003/./docs/evidence/V0.1.4/pro-tests.json
-- Installing: C:\Users\Jasper\Documents\Codex\2026-09-20\gen\outputs\GeoModelBridge\releases\Preflight-20261003/./docs/evidence/V0.1.4/pro-tests.log
-- Installing: C:\Users\Jasper\Documents\Codex\2026-09-20\gen\outputs\GeoModelBridge\releases\Preflight-20261003/./docs/evidence/V0.1.4/reader-benchmark.json
-- Installing: C:\Users\Jasper\Documents\Codex\2026-09-20\gen\outputs\GeoModelBridge\releases\Preflight-20261003/./docs/evidence/V0.1.4/real-native-report.json
-- Installing: C:\Users\Jasper\Documents\Codex\2026-09-20\gen\outputs\GeoModelBridge\releases\Preflight-20261003/./docs/evidence/V0.1.4/real-native-v013-equivalence.json
-- Installing: C:\Users\Jasper\Documents\Codex\2026-09-20\gen\outputs\GeoModelBridge\releases\Preflight-20261003/./docs/evidence/V0.1.4/release-files.json
-- Installing: C:\Users\Jasper\Documents\Codex\2026-09-20\gen\outputs\GeoModelBridge\releases\Preflight-20261003/./docs/evidence/V0.1.4/streaming-prepare.json
-- Installing: C:\Users\Jasper\Documents\Codex\2026-09-20\gen\outputs\GeoModelBridge\releases\Preflight-20261003/./docs/evidence/V0.1.5
-- Installing: C:\Users\Jasper\Documents\Codex\2026-09-20\gen\outputs\GeoModelBridge\releases\Preflight-20261003/./docs/evidence/V0.1.5/build.log
-- Installing: C:\Users\Jasper\Documents\Codex\2026-09-20\gen\outputs\GeoModelBridge\releases\Preflight-20261003/./docs/evidence/V0.1.5/examples.json
-- Installing: C:\Users\Jasper\Documents\Codex\2026-09-20\gen\outputs\GeoModelBridge\releases\Preflight-20261003/./docs/evidence/V0.1.5/gui-tests.json
-- Installing: C:\Users\Jasper\Documents\Codex\2026-09-20\gen\outputs\GeoModelBridge\releases\Preflight-20261003/./docs/evidence/V0.1.5/native-deployment.json
-- Installing: C:\Users\Jasper\Documents\Codex\2026-09-20\gen\outputs\GeoModelBridge\releases\Preflight-20261003/./docs/evidence/V0.1.5/native-tests.json
-- Installing: C:\Users\Jasper\Documents\Codex\2026-09-20\gen\outputs\GeoModelBridge\releases\Preflight-20261003/./docs/evidence/V0.1.5/release-checks.json
-- Installing: C:\Users\Jasper\Documents\Codex\2026-09-20\gen\outputs\GeoModelBridge\releases\Preflight-20261003/./docs/evidence/V0.1.5/release-dependencies.json
-- Installing: C:\Users\Jasper\Documents\Codex\2026-09-20\gen\outputs\GeoModelBridge\releases\Preflight-20261003/./docs/evidence/V0.1.6
-- Installing: C:\Users\Jasper\Documents\Codex\2026-09-20\gen\outputs\GeoModelBridge\releases\Preflight-20261003/./docs/evidence/V0.1.6/cross_readback.py
-- Installing: C:\Users\Jasper\Documents\Codex\2026-09-20\gen\outputs\GeoModelBridge\releases\Preflight-20261003/./docs/evidence/V0.1.6/independent-os-output-comparison.json
-- Installing: C:\Users\Jasper\Documents\Codex\2026-09-20\gen\outputs\GeoModelBridge\releases\Preflight-20261003/./docs/evidence/V0.1.6/ubuntu-alpha-plane.json
-- Installing: C:\Users\Jasper\Documents\Codex\2026-09-20\gen\outputs\GeoModelBridge\releases\Preflight-20261003/./docs/evidence/V0.1.6/ubuntu-archive-deployment.json
-- Installing: C:\Users\Jasper\Documents\Codex\2026-09-20\gen\outputs\GeoModelBridge\releases\Preflight-20261003/./docs/evidence/V0.1.6/ubuntu-build.log
-- Installing: C:\Users\Jasper\Documents\Codex\2026-09-20\gen\outputs\GeoModelBridge\releases\Preflight-20261003/./docs/evidence/V0.1.6/ubuntu-deployment.json
-- Installing: C:\Users\Jasper\Documents\Codex\2026-09-20\gen\outputs\GeoModelBridge\releases\Preflight-20261003/./docs/evidence/V0.1.6/ubuntu-deployment.log
-- Installing: C:\Users\Jasper\Documents\Codex\2026-09-20\gen\outputs\GeoModelBridge\releases\Preflight-20261003/./docs/evidence/V0.1.6/ubuntu-environment.log
-- Installing: C:\Users\Jasper\Documents\Codex\2026-09-20\gen\outputs\GeoModelBridge\releases\Preflight-20261003/./docs/evidence/V0.1.6/ubuntu-examples.json
-- Installing: C:\Users\Jasper\Documents\Codex\2026-09-20\gen\outputs\GeoModelBridge\releases\Preflight-20261003/./docs/evidence/V0.1.6/ubuntu-examples.log
-- Installing: C:\Users\Jasper\Documents\Codex\2026-09-20\gen\outputs\GeoModelBridge\releases\Preflight-20261003/./docs/evidence/V0.1.6/ubuntu-native.json
-- Installing: C:\Users\Jasper\Documents\Codex\2026-09-20\gen\outputs\GeoModelBridge\releases\Preflight-20261003/./docs/evidence/V0.1.6/ubuntu-native.log
-- Installing: C:\Users\Jasper\Documents\Codex\2026-09-20\gen\outputs\GeoModelBridge\releases\Preflight-20261003/./docs/evidence/V0.1.6/ubuntu-package.log
-- Installing: C:\Users\Jasper\Documents\Codex\2026-09-20\gen\outputs\GeoModelBridge\releases\Preflight-20261003/./docs/evidence/V0.1.6/ubuntu-sloped_normals.json
-- Installing: C:\Users\Jasper\Documents\Codex\2026-09-20\gen\outputs\GeoModelBridge\releases\Preflight-20261003/./docs/evidence/V0.1.6/ubuntu-textured_quad.json
-- Installing: C:\Users\Jasper\Documents\Codex\2026-09-20\gen\outputs\GeoModelBridge\releases\Preflight-20261003/./docs/evidence/V0.1.6/ubuntu-to-windows.json
-- Installing: C:\Users\Jasper\Documents\Codex\2026-09-20\gen\outputs\GeoModelBridge\releases\Preflight-20261003/./docs/evidence/V0.1.6/windows-alpha-plane.json
-- Installing: C:\Users\Jasper\Documents\Codex\2026-09-20\gen\outputs\GeoModelBridge\releases\Preflight-20261003/./docs/evidence/V0.1.6/windows-build.log
-- Installing: C:\Users\Jasper\Documents\Codex\2026-09-20\gen\outputs\GeoModelBridge\releases\Preflight-20261003/./docs/evidence/V0.1.6/windows-deployment.json
-- Installing: C:\Users\Jasper\Documents\Codex\2026-09-20\gen\outputs\GeoModelBridge\releases\Preflight-20261003/./docs/evidence/V0.1.6/windows-examples.json
-- Installing: C:\Users\Jasper\Documents\Codex\2026-09-20\gen\outputs\GeoModelBridge\releases\Preflight-20261003/./docs/evidence/V0.1.6/windows-gui.json
-- Installing: C:\Users\Jasper\Documents\Codex\2026-09-20\gen\outputs\GeoModelBridge\releases\Preflight-20261003/./docs/evidence/V0.1.6/windows-native.json
-- Installing: C:\Users\Jasper\Documents\Codex\2026-09-20\gen\outputs\GeoModelBridge\releases\Preflight-20261003/./docs/evidence/V0.1.6/windows-native.log
-- Installing: C:\Users\Jasper\Documents\Codex\2026-09-20\gen\outputs\GeoModelBridge\releases\Preflight-20261003/./docs/evidence/V0.1.6/windows-sloped_normals.json
-- Installing: C:\Users\Jasper\Documents\Codex\2026-09-20\gen\outputs\GeoModelBridge\releases\Preflight-20261003/./docs/evidence/V0.1.6/windows-textured_quad.json
-- Installing: C:\Users\Jasper\Documents\Codex\2026-09-20\gen\outputs\GeoModelBridge\releases\Preflight-20261003/./docs/evidence/V0.1.6/windows-to-ubuntu.json
-- Installing: C:\Users\Jasper\Documents\Codex\2026-09-20\gen\outputs\GeoModelBridge\releases\Preflight-20261003/./docs/evidence/V0.1.6/windows-unified-build.log
-- Installing: C:\Users\Jasper\Documents\Codex\2026-09-20\gen\outputs\GeoModelBridge\releases\Preflight-20261003/./docs/evidence/V0.1.7
-- Installing: C:\Users\Jasper\Documents\Codex\2026-09-20\gen\outputs\GeoModelBridge\releases\Preflight-20261003/./docs/evidence/V0.1.7/real-model-assessment.json
-- Installing: C:\Users\Jasper\Documents\Codex\2026-09-20\gen\outputs\GeoModelBridge\releases\Preflight-20261003/./docs/evidence/V0.1.7/ubuntu-build.log
-- Installing: C:\Users\Jasper\Documents\Codex\2026-09-20\gen\outputs\GeoModelBridge\releases\Preflight-20261003/./docs/evidence/V0.1.7/ubuntu-deployment.json
-- Installing: C:\Users\Jasper\Documents\Codex\2026-09-20\gen\outputs\GeoModelBridge\releases\Preflight-20261003/./docs/evidence/V0.1.7/ubuntu-deployment.log
-- Installing: C:\Users\Jasper\Documents\Codex\2026-09-20\gen\outputs\GeoModelBridge\releases\Preflight-20261003/./docs/evidence/V0.1.7/ubuntu-examples.json
-- Installing: C:\Users\Jasper\Documents\Codex\2026-09-20\gen\outputs\GeoModelBridge\releases\Preflight-20261003/./docs/evidence/V0.1.7/ubuntu-examples.log
-- Installing: C:\Users\Jasper\Documents\Codex\2026-09-20\gen\outputs\GeoModelBridge\releases\Preflight-20261003/./docs/evidence/V0.1.7/ubuntu-missing-textures.log
-- Installing: C:\Users\Jasper\Documents\Codex\2026-09-20\gen\outputs\GeoModelBridge\releases\Preflight-20261003/./docs/evidence/V0.1.7/ubuntu-native.log
-- Installing: C:\Users\Jasper\Documents\Codex\2026-09-20\gen\outputs\GeoModelBridge\releases\Preflight-20261003/./docs/evidence/V0.1.7/ubuntu-package-check.log
-- Installing: C:\Users\Jasper\Documents\Codex\2026-09-20\gen\outputs\GeoModelBridge\releases\Preflight-20261003/./docs/evidence/V0.1.7/windows-build.log
-- Installing: C:\Users\Jasper\Documents\Codex\2026-09-20\gen\outputs\GeoModelBridge\releases\Preflight-20261003/./docs/evidence/V0.1.7/windows-deployment.json
-- Installing: C:\Users\Jasper\Documents\Codex\2026-09-20\gen\outputs\GeoModelBridge\releases\Preflight-20261003/./docs/evidence/V0.1.7/windows-examples.json
-- Installing: C:\Users\Jasper\Documents\Codex\2026-09-20\gen\outputs\GeoModelBridge\releases\Preflight-20261003/./docs/evidence/V0.1.7/windows-gui.json
-- Installing: C:\Users\Jasper\Documents\Codex\2026-09-20\gen\outputs\GeoModelBridge\releases\Preflight-20261003/./docs/evidence/V0.1.7/windows-missing-textures.log
-- Installing: C:\Users\Jasper\Documents\Codex\2026-09-20\gen\outputs\GeoModelBridge\releases\Preflight-20261003/./docs/evidence/V0.1.7/windows-native.log
-- Installing: C:\Users\Jasper\Documents\Codex\2026-09-20\gen\outputs\GeoModelBridge\releases\Preflight-20261003/./docs/evidence/V0.1.7/windows-package-check.log
-- Installing: C:\Users\Jasper\Documents\Codex\2026-09-20\gen\outputs\GeoModelBridge\releases\Preflight-20261003/./docs/evidence/V0.1.8
-- Installing: C:\Users\Jasper\Documents\Codex\2026-09-20\gen\outputs\GeoModelBridge\releases\Preflight-20261003/./docs/evidence/V0.1.8/real-model-assessment.json
-- Installing: C:\Users\Jasper\Documents\Codex\2026-09-20\gen\outputs\GeoModelBridge\releases\Preflight-20261003/./docs/evidence/V0.1.8/ubuntu-build.log
-- Installing: C:\Users\Jasper\Documents\Codex\2026-09-20\gen\outputs\GeoModelBridge\releases\Preflight-20261003/./docs/evidence/V0.1.8/ubuntu-deployment.json
-- Installing: C:\Users\Jasper\Documents\Codex\2026-09-20\gen\outputs\GeoModelBridge\releases\Preflight-20261003/./docs/evidence/V0.1.8/ubuntu-deployment.log
-- Installing: C:\Users\Jasper\Documents\Codex\2026-09-20\gen\outputs\GeoModelBridge\releases\Preflight-20261003/./docs/evidence/V0.1.8/ubuntu-examples.json
-- Installing: C:\Users\Jasper\Documents\Codex\2026-09-20\gen\outputs\GeoModelBridge\releases\Preflight-20261003/./docs/evidence/V0.1.8/ubuntu-examples.log
-- Installing: C:\Users\Jasper\Documents\Codex\2026-09-20\gen\outputs\GeoModelBridge\releases\Preflight-20261003/./docs/evidence/V0.1.8/ubuntu-final-ctest.log
-- Installing: C:\Users\Jasper\Documents\Codex\2026-09-20\gen\outputs\GeoModelBridge\releases\Preflight-20261003/./docs/evidence/V0.1.8/ubuntu-final-native-build.log
-- Installing: C:\Users\Jasper\Documents\Codex\2026-09-20\gen\outputs\GeoModelBridge\releases\Preflight-20261003/./docs/evidence/V0.1.8/ubuntu-native.log
-- Installing: C:\Users\Jasper\Documents\Codex\2026-09-20\gen\outputs\GeoModelBridge\releases\Preflight-20261003/./docs/evidence/V0.1.8/ubuntu-normal.log
-- Installing: C:\Users\Jasper\Documents\Codex\2026-09-20\gen\outputs\GeoModelBridge\releases\Preflight-20261003/./docs/evidence/V0.1.8/ubuntu-package-check.log
-- Installing: C:\Users\Jasper\Documents\Codex\2026-09-20\gen\outputs\GeoModelBridge\releases\Preflight-20261003/./docs/evidence/V0.1.8/windows-build.log
-- Installing: C:\Users\Jasper\Documents\Codex\2026-09-20\gen\outputs\GeoModelBridge\releases\Preflight-20261003/./docs/evidence/V0.1.8/windows-deployment.json
-- Installing: C:\Users\Jasper\Documents\Codex\2026-09-20\gen\outputs\GeoModelBridge\releases\Preflight-20261003/./docs/evidence/V0.1.8/windows-examples.json
-- Installing: C:\Users\Jasper\Documents\Codex\2026-09-20\gen\outputs\GeoModelBridge\releases\Preflight-20261003/./docs/evidence/V0.1.8/windows-gui.json
-- Installing: C:\Users\Jasper\Documents\Codex\2026-09-20\gen\outputs\GeoModelBridge\releases\Preflight-20261003/./docs/evidence/V0.1.8/windows-native.log
-- Installing: C:\Users\Jasper\Documents\Codex\2026-09-20\gen\outputs\GeoModelBridge\releases\Preflight-20261003/./docs/evidence/V0.1.8/windows-normal.log
-- Installing: C:\Users\Jasper\Documents\Codex\2026-09-20\gen\outputs\GeoModelBridge\releases\Preflight-20261003/./docs/evidence/V0.1.8/windows-package-check.log
-- Installing: C:\Users\Jasper\Documents\Codex\2026-09-20\gen\outputs\GeoModelBridge\releases\Preflight-20261003/./docs/evidence/V0.1.9
-- Installing: C:\Users\Jasper\Documents\Codex\2026-09-20\gen\outputs\GeoModelBridge\releases\Preflight-20261003/./docs/evidence/V0.1.9/ubuntu-build.log
-- Installing: C:\Users\Jasper\Documents\Codex\2026-09-20\gen\outputs\GeoModelBridge\releases\Preflight-20261003/./docs/evidence/V0.1.9/ubuntu-deployment.json
-- Installing: C:\Users\Jasper\Documents\Codex\2026-09-20\gen\outputs\GeoModelBridge\releases\Preflight-20261003/./docs/evidence/V0.1.9/ubuntu-deployment.log
-- Installing: C:\Users\Jasper\Documents\Codex\2026-09-20\gen\outputs\GeoModelBridge\releases\Preflight-20261003/./docs/evidence/V0.1.9/ubuntu-examples.json
-- Installing: C:\Users\Jasper\Documents\Codex\2026-09-20\gen\outputs\GeoModelBridge\releases\Preflight-20261003/./docs/evidence/V0.1.9/ubuntu-examples.log
-- Installing: C:\Users\Jasper\Documents\Codex\2026-09-20\gen\outputs\GeoModelBridge\releases\Preflight-20261003/./docs/evidence/V0.1.9/ubuntu-native.log
-- Installing: C:\Users\Jasper\Documents\Codex\2026-09-20\gen\outputs\GeoModelBridge\releases\Preflight-20261003/./docs/evidence/V0.1.9/ubuntu-package-check.log
-- Installing: C:\Users\Jasper\Documents\Codex\2026-09-20\gen\outputs\GeoModelBridge\releases\Preflight-20261003/./docs/evidence/V0.1.9/ubuntu-python-client.json
-- Installing: C:\Users\Jasper\Documents\Codex\2026-09-20\gen\outputs\GeoModelBridge\releases\Preflight-20261003/./docs/evidence/V0.1.9/ubuntu-python-client.log
-- Installing: C:\Users\Jasper\Documents\Codex\2026-09-20\gen\outputs\GeoModelBridge\releases\Preflight-20261003/./docs/evidence/V0.1.9/ubuntu-python-unit.log
-- Installing: C:\Users\Jasper\Documents\Codex\2026-09-20\gen\outputs\GeoModelBridge\releases\Preflight-20261003/./docs/evidence/V0.1.9/windows-build.log
-- Installing: C:\Users\Jasper\Documents\Codex\2026-09-20\gen\outputs\GeoModelBridge\releases\Preflight-20261003/./docs/evidence/V0.1.9/windows-deployment.json
-- Installing: C:\Users\Jasper\Documents\Codex\2026-09-20\gen\outputs\GeoModelBridge\releases\Preflight-20261003/./docs/evidence/V0.1.9/windows-examples.json
-- Installing: C:\Users\Jasper\Documents\Codex\2026-09-20\gen\outputs\GeoModelBridge\releases\Preflight-20261003/./docs/evidence/V0.1.9/windows-gui.json
-- Installing: C:\Users\Jasper\Documents\Codex\2026-09-20\gen\outputs\GeoModelBridge\releases\Preflight-20261003/./docs/evidence/V0.1.9/windows-native.log
-- Installing: C:\Users\Jasper\Documents\Codex\2026-09-20\gen\outputs\GeoModelBridge\releases\Preflight-20261003/./docs/evidence/V0.1.9/windows-package-check.log
-- Installing: C:\Users\Jasper\Documents\Codex\2026-09-20\gen\outputs\GeoModelBridge\releases\Preflight-20261003/./docs/evidence/V0.1.9/windows-python-client.json
-- Installing: C:\Users\Jasper\Documents\Codex\2026-09-20\gen\outputs\GeoModelBridge\releases\Preflight-20261003/./docs/evidence/V0.1.9/windows-python-example.log
-- Installing: C:\Users\Jasper\Documents\Codex\2026-09-20\gen\outputs\GeoModelBridge\releases\Preflight-20261003/./docs/evidence/V0.1.9/windows-python-unit.log
-- Installing: C:\Users\Jasper\Documents\Codex\2026-09-20\gen\outputs\GeoModelBridge\releases\Preflight-20261003/./docs/evidence/V0.2
-- Installing: C:\Users\Jasper\Documents\Codex\2026-09-20\gen\outputs\GeoModelBridge\releases\Preflight-20261003/./docs/evidence/V0.2/source-match.json
-- Installing: C:\Users\Jasper\Documents\Codex\2026-09-20\gen\outputs\GeoModelBridge\releases\Preflight-20261003/./docs/evidence/V0.2/ubuntu-build.log
-- Installing: C:\Users\Jasper\Documents\Codex\2026-09-20\gen\outputs\GeoModelBridge\releases\Preflight-20261003/./docs/evidence/V0.2/ubuntu-ctest-detail.log
-- Installing: C:\Users\Jasper\Documents\Codex\2026-09-20\gen\outputs\GeoModelBridge\releases\Preflight-20261003/./docs/evidence/V0.2/ubuntu-dependencies.log
-- Installing: C:\Users\Jasper\Documents\Codex\2026-09-20\gen\outputs\GeoModelBridge\releases\Preflight-20261003/./docs/evidence/V0.2/ubuntu-deployment.json
-- Installing: C:\Users\Jasper\Documents\Codex\2026-09-20\gen\outputs\GeoModelBridge\releases\Preflight-20261003/./docs/evidence/V0.2/ubuntu-deployment.log
-- Installing: C:\Users\Jasper\Documents\Codex\2026-09-20\gen\outputs\GeoModelBridge\releases\Preflight-20261003/./docs/evidence/V0.2/ubuntu-examples.json
-- Installing: C:\Users\Jasper\Documents\Codex\2026-09-20\gen\outputs\GeoModelBridge\releases\Preflight-20261003/./docs/evidence/V0.2/ubuntu-examples.log
-- Installing: C:\Users\Jasper\Documents\Codex\2026-09-20\gen\outputs\GeoModelBridge\releases\Preflight-20261003/./docs/evidence/V0.2/ubuntu-native.json
-- Installing: C:\Users\Jasper\Documents\Codex\2026-09-20\gen\outputs\GeoModelBridge\releases\Preflight-20261003/./docs/evidence/V0.2/ubuntu-native.log
-- Installing: C:\Users\Jasper\Documents\Codex\2026-09-20\gen\outputs\GeoModelBridge\releases\Preflight-20261003/./docs/evidence/V0.2/ubuntu-normals.log
-- Installing: C:\Users\Jasper\Documents\Codex\2026-09-20\gen\outputs\GeoModelBridge\releases\Preflight-20261003/./docs/evidence/V0.2/ubuntu-package.log
-- Installing: C:\Users\Jasper\Documents\Codex\2026-09-20\gen\outputs\GeoModelBridge\releases\Preflight-20261003/./docs/evidence/V0.2/ubuntu-python-client.json
-- Installing: C:\Users\Jasper\Documents\Codex\2026-09-20\gen\outputs\GeoModelBridge\releases\Preflight-20261003/./docs/evidence/V0.2/ubuntu-python-client.log
-- Installing: C:\Users\Jasper\Documents\Codex\2026-09-20\gen\outputs\GeoModelBridge\releases\Preflight-20261003/./docs/evidence/V0.2/ubuntu-python-unit.log
-- Installing: C:\Users\Jasper\Documents\Codex\2026-09-20\gen\outputs\GeoModelBridge\releases\Preflight-20261003/./docs/evidence/V0.2/ubuntu-textures.log
-- Installing: C:\Users\Jasper\Documents\Codex\2026-09-20\gen\outputs\GeoModelBridge\releases\Preflight-20261003/./docs/evidence/V0.2/ubuntu-version.log
-- Installing: C:\Users\Jasper\Documents\Codex\2026-09-20\gen\outputs\GeoModelBridge\releases\Preflight-20261003/./docs/evidence/V0.2/windows-build.log
-- Installing: C:\Users\Jasper\Documents\Codex\2026-09-20\gen\outputs\GeoModelBridge\releases\Preflight-20261003/./docs/evidence/V0.2/windows-core.log
-- Installing: C:\Users\Jasper\Documents\Codex\2026-09-20\gen\outputs\GeoModelBridge\releases\Preflight-20261003/./docs/evidence/V0.2/windows-ctest-detail.log
-- Installing: C:\Users\Jasper\Documents\Codex\2026-09-20\gen\outputs\GeoModelBridge\releases\Preflight-20261003/./docs/evidence/V0.2/windows-dependencies.log
-- Installing: C:\Users\Jasper\Documents\Codex\2026-09-20\gen\outputs\GeoModelBridge\releases\Preflight-20261003/./docs/evidence/V0.2/windows-deployment.json
-- Installing: C:\Users\Jasper\Documents\Codex\2026-09-20\gen\outputs\GeoModelBridge\releases\Preflight-20261003/./docs/evidence/V0.2/windows-deployment.log
-- Installing: C:\Users\Jasper\Documents\Codex\2026-09-20\gen\outputs\GeoModelBridge\releases\Preflight-20261003/./docs/evidence/V0.2/windows-examples.json
-- Installing: C:\Users\Jasper\Documents\Codex\2026-09-20\gen\outputs\GeoModelBridge\releases\Preflight-20261003/./docs/evidence/V0.2/windows-examples.log
-- Installing: C:\Users\Jasper\Documents\Codex\2026-09-20\gen\outputs\GeoModelBridge\releases\Preflight-20261003/./docs/evidence/V0.2/windows-gui.json
-- Installing: C:\Users\Jasper\Documents\Codex\2026-09-20\gen\outputs\GeoModelBridge\releases\Preflight-20261003/./docs/evidence/V0.2/windows-gui.log
-- Installing: C:\Users\Jasper\Documents\Codex\2026-09-20\gen\outputs\GeoModelBridge\releases\Preflight-20261003/./docs/evidence/V0.2/windows-mingw-core.log
-- Installing: C:\Users\Jasper\Documents\Codex\2026-09-20\gen\outputs\GeoModelBridge\releases\Preflight-20261003/./docs/evidence/V0.2/windows-native.json
-- Installing: C:\Users\Jasper\Documents\Codex\2026-09-20\gen\outputs\GeoModelBridge\releases\Preflight-20261003/./docs/evidence/V0.2/windows-native.log
-- Installing: C:\Users\Jasper\Documents\Codex\2026-09-20\gen\outputs\GeoModelBridge\releases\Preflight-20261003/./docs/evidence/V0.2/windows-normals.log
-- Installing: C:\Users\Jasper\Documents\Codex\2026-09-20\gen\outputs\GeoModelBridge\releases\Preflight-20261003/./docs/evidence/V0.2/windows-package.log
-- Installing: C:\Users\Jasper\Documents\Codex\2026-09-20\gen\outputs\GeoModelBridge\releases\Preflight-20261003/./docs/evidence/V0.2/windows-python-client.json
-- Installing: C:\Users\Jasper\Documents\Codex\2026-09-20\gen\outputs\GeoModelBridge\releases\Preflight-20261003/./docs/evidence/V0.2/windows-python-client.log
-- Installing: C:\Users\Jasper\Documents\Codex\2026-09-20\gen\outputs\GeoModelBridge\releases\Preflight-20261003/./docs/evidence/V0.2/windows-python-unit.log
-- Installing: C:\Users\Jasper\Documents\Codex\2026-09-20\gen\outputs\GeoModelBridge\releases\Preflight-20261003/./docs/evidence/V0.2/windows-textures.log
-- Installing: C:\Users\Jasper\Documents\Codex\2026-09-20\gen\outputs\GeoModelBridge\releases\Preflight-20261003/./docs/evidence/V0.2/windows-version.log
-- Installing: C:\Users\Jasper\Documents\Codex\2026-09-20\gen\outputs\GeoModelBridge\releases\Preflight-20261003/./docs/evidence/V0.2.1
-- Installing: C:\Users\Jasper\Documents\Codex\2026-09-20\gen\outputs\GeoModelBridge\releases\Preflight-20261003/./docs/evidence/V0.2.1/source-match.json
-- Installing: C:\Users\Jasper\Documents\Codex\2026-09-20\gen\outputs\GeoModelBridge\releases\Preflight-20261003/./docs/evidence/V0.2.1/ubuntu-build.log
-- Installing: C:\Users\Jasper\Documents\Codex\2026-09-20\gen\outputs\GeoModelBridge\releases\Preflight-20261003/./docs/evidence/V0.2.1/ubuntu-ctest-detail.log
-- Installing: C:\Users\Jasper\Documents\Codex\2026-09-20\gen\outputs\GeoModelBridge\releases\Preflight-20261003/./docs/evidence/V0.2.1/ubuntu-dependencies.log
-- Installing: C:\Users\Jasper\Documents\Codex\2026-09-20\gen\outputs\GeoModelBridge\releases\Preflight-20261003/./docs/evidence/V0.2.1/ubuntu-deployment.json
-- Installing: C:\Users\Jasper\Documents\Codex\2026-09-20\gen\outputs\GeoModelBridge\releases\Preflight-20261003/./docs/evidence/V0.2.1/ubuntu-deployment.log
-- Installing: C:\Users\Jasper\Documents\Codex\2026-09-20\gen\outputs\GeoModelBridge\releases\Preflight-20261003/./docs/evidence/V0.2.1/ubuntu-examples.json
-- Installing: C:\Users\Jasper\Documents\Codex\2026-09-20\gen\outputs\GeoModelBridge\releases\Preflight-20261003/./docs/evidence/V0.2.1/ubuntu-examples.log
-- Installing: C:\Users\Jasper\Documents\Codex\2026-09-20\gen\outputs\GeoModelBridge\releases\Preflight-20261003/./docs/evidence/V0.2.1/ubuntu-native.json
-- Installing: C:\Users\Jasper\Documents\Codex\2026-09-20\gen\outputs\GeoModelBridge\releases\Preflight-20261003/./docs/evidence/V0.2.1/ubuntu-native.log
-- Installing: C:\Users\Jasper\Documents\Codex\2026-09-20\gen\outputs\GeoModelBridge\releases\Preflight-20261003/./docs/evidence/V0.2.1/ubuntu-normals.log
-- Installing: C:\Users\Jasper\Documents\Codex\2026-09-20\gen\outputs\GeoModelBridge\releases\Preflight-20261003/./docs/evidence/V0.2.1/ubuntu-package.log
-- Installing: C:\Users\Jasper\Documents\Codex\2026-09-20\gen\outputs\GeoModelBridge\releases\Preflight-20261003/./docs/evidence/V0.2.1/ubuntu-python-client.json
-- Installing: C:\Users\Jasper\Documents\Codex\2026-09-20\gen\outputs\GeoModelBridge\releases\Preflight-20261003/./docs/evidence/V0.2.1/ubuntu-python-client.log
-- Installing: C:\Users\Jasper\Documents\Codex\2026-09-20\gen\outputs\GeoModelBridge\releases\Preflight-20261003/./docs/evidence/V0.2.1/ubuntu-python-unit.log
-- Installing: C:\Users\Jasper\Documents\Codex\2026-09-20\gen\outputs\GeoModelBridge\releases\Preflight-20261003/./docs/evidence/V0.2.1/ubuntu-textures.log
-- Installing: C:\Users\Jasper\Documents\Codex\2026-09-20\gen\outputs\GeoModelBridge\releases\Preflight-20261003/./docs/evidence/V0.2.1/ubuntu-version.log
-- Installing: C:\Users\Jasper\Documents\Codex\2026-09-20\gen\outputs\GeoModelBridge\releases\Preflight-20261003/./docs/evidence/V0.2.1/windows-build.log
-- Installing: C:\Users\Jasper\Documents\Codex\2026-09-20\gen\outputs\GeoModelBridge\releases\Preflight-20261003/./docs/evidence/V0.2.1/windows-ctest-detail.log
-- Installing: C:\Users\Jasper\Documents\Codex\2026-09-20\gen\outputs\GeoModelBridge\releases\Preflight-20261003/./docs/evidence/V0.2.1/windows-dependencies.log
-- Installing: C:\Users\Jasper\Documents\Codex\2026-09-20\gen\outputs\GeoModelBridge\releases\Preflight-20261003/./docs/evidence/V0.2.1/windows-deployment.json
-- Installing: C:\Users\Jasper\Documents\Codex\2026-09-20\gen\outputs\GeoModelBridge\releases\Preflight-20261003/./docs/evidence/V0.2.1/windows-deployment.log
-- Installing: C:\Users\Jasper\Documents\Codex\2026-09-20\gen\outputs\GeoModelBridge\releases\Preflight-20261003/./docs/evidence/V0.2.1/windows-examples.json
-- Installing: C:\Users\Jasper\Documents\Codex\2026-09-20\gen\outputs\GeoModelBridge\releases\Preflight-20261003/./docs/evidence/V0.2.1/windows-examples.log
-- Installing: C:\Users\Jasper\Documents\Codex\2026-09-20\gen\outputs\GeoModelBridge\releases\Preflight-20261003/./docs/evidence/V0.2.1/windows-gui.json
-- Installing: C:\Users\Jasper\Documents\Codex\2026-09-20\gen\outputs\GeoModelBridge\releases\Preflight-20261003/./docs/evidence/V0.2.1/windows-gui.log
-- Installing: C:\Users\Jasper\Documents\Codex\2026-09-20\gen\outputs\GeoModelBridge\releases\Preflight-20261003/./docs/evidence/V0.2.1/windows-native.json
-- Installing: C:\Users\Jasper\Documents\Codex\2026-09-20\gen\outputs\GeoModelBridge\releases\Preflight-20261003/./docs/evidence/V0.2.1/windows-native.log
-- Installing: C:\Users\Jasper\Documents\Codex\2026-09-20\gen\outputs\GeoModelBridge\releases\Preflight-20261003/./docs/evidence/V0.2.1/windows-normals.log
-- Installing: C:\Users\Jasper\Documents\Codex\2026-09-20\gen\outputs\GeoModelBridge\releases\Preflight-20261003/./docs/evidence/V0.2.1/windows-package.log
-- Installing: C:\Users\Jasper\Documents\Codex\2026-09-20\gen\outputs\GeoModelBridge\releases\Preflight-20261003/./docs/evidence/V0.2.1/windows-python-client.json
-- Installing: C:\Users\Jasper\Documents\Codex\2026-09-20\gen\outputs\GeoModelBridge\releases\Preflight-20261003/./docs/evidence/V0.2.1/windows-python-client.log
-- Installing: C:\Users\Jasper\Documents\Codex\2026-09-20\gen\outputs\GeoModelBridge\releases\Preflight-20261003/./docs/evidence/V0.2.1/windows-python-unit.log
-- Installing: C:\Users\Jasper\Documents\Codex\2026-09-20\gen\outputs\GeoModelBridge\releases\Preflight-20261003/./docs/evidence/V0.2.1/windows-textures.log
-- Installing: C:\Users\Jasper\Documents\Codex\2026-09-20\gen\outputs\GeoModelBridge\releases\Preflight-20261003/./docs/evidence/V0.2.1/windows-version.log
-- Installing: C:\Users\Jasper\Documents\Codex\2026-09-20\gen\outputs\GeoModelBridge\releases\Preflight-20261003/./docs/evidence/V0.2.2
-- Installing: C:\Users\Jasper\Documents\Codex\2026-09-20\gen\outputs\GeoModelBridge\releases\Preflight-20261003/./docs/evidence/V0.2.2/source-match.json
-- Installing: C:\Users\Jasper\Documents\Codex\2026-09-20\gen\outputs\GeoModelBridge\releases\Preflight-20261003/./docs/evidence/V0.2.2/ubuntu-build.log
-- Installing: C:\Users\Jasper\Documents\Codex\2026-09-20\gen\outputs\GeoModelBridge\releases\Preflight-20261003/./docs/evidence/V0.2.2/ubuntu-ctest-detail.log
-- Installing: C:\Users\Jasper\Documents\Codex\2026-09-20\gen\outputs\GeoModelBridge\releases\Preflight-20261003/./docs/evidence/V0.2.2/ubuntu-dependencies.log
-- Installing: C:\Users\Jasper\Documents\Codex\2026-09-20\gen\outputs\GeoModelBridge\releases\Preflight-20261003/./docs/evidence/V0.2.2/ubuntu-deployment.json
-- Installing: C:\Users\Jasper\Documents\Codex\2026-09-20\gen\outputs\GeoModelBridge\releases\Preflight-20261003/./docs/evidence/V0.2.2/ubuntu-deployment.log
-- Installing: C:\Users\Jasper\Documents\Codex\2026-09-20\gen\outputs\GeoModelBridge\releases\Preflight-20261003/./docs/evidence/V0.2.2/ubuntu-examples.json
-- Installing: C:\Users\Jasper\Documents\Codex\2026-09-20\gen\outputs\GeoModelBridge\releases\Preflight-20261003/./docs/evidence/V0.2.2/ubuntu-examples.log
-- Installing: C:\Users\Jasper\Documents\Codex\2026-09-20\gen\outputs\GeoModelBridge\releases\Preflight-20261003/./docs/evidence/V0.2.2/ubuntu-native.json
-- Installing: C:\Users\Jasper\Documents\Codex\2026-09-20\gen\outputs\GeoModelBridge\releases\Preflight-20261003/./docs/evidence/V0.2.2/ubuntu-native.log
-- Installing: C:\Users\Jasper\Documents\Codex\2026-09-20\gen\outputs\GeoModelBridge\releases\Preflight-20261003/./docs/evidence/V0.2.2/ubuntu-normals.log
-- Installing: C:\Users\Jasper\Documents\Codex\2026-09-20\gen\outputs\GeoModelBridge\releases\Preflight-20261003/./docs/evidence/V0.2.2/ubuntu-package.log
-- Installing: C:\Users\Jasper\Documents\Codex\2026-09-20\gen\outputs\GeoModelBridge\releases\Preflight-20261003/./docs/evidence/V0.2.2/ubuntu-python-client.json
-- Installing: C:\Users\Jasper\Documents\Codex\2026-09-20\gen\outputs\GeoModelBridge\releases\Preflight-20261003/./docs/evidence/V0.2.2/ubuntu-python-client.log
-- Installing: C:\Users\Jasper\Documents\Codex\2026-09-20\gen\outputs\GeoModelBridge\releases\Preflight-20261003/./docs/evidence/V0.2.2/ubuntu-python-unit.log
-- Installing: C:\Users\Jasper\Documents\Codex\2026-09-20\gen\outputs\GeoModelBridge\releases\Preflight-20261003/./docs/evidence/V0.2.2/ubuntu-textures.log
-- Installing: C:\Users\Jasper\Documents\Codex\2026-09-20\gen\outputs\GeoModelBridge\releases\Preflight-20261003/./docs/evidence/V0.2.2/ubuntu-version.log
-- Installing: C:\Users\Jasper\Documents\Codex\2026-09-20\gen\outputs\GeoModelBridge\releases\Preflight-20261003/./docs/evidence/V0.2.2/windows-build.log
-- Installing: C:\Users\Jasper\Documents\Codex\2026-09-20\gen\outputs\GeoModelBridge\releases\Preflight-20261003/./docs/evidence/V0.2.2/windows-ctest-detail.log
-- Installing: C:\Users\Jasper\Documents\Codex\2026-09-20\gen\outputs\GeoModelBridge\releases\Preflight-20261003/./docs/evidence/V0.2.2/windows-dependencies.log
-- Installing: C:\Users\Jasper\Documents\Codex\2026-09-20\gen\outputs\GeoModelBridge\releases\Preflight-20261003/./docs/evidence/V0.2.2/windows-deployment.json
-- Installing: C:\Users\Jasper\Documents\Codex\2026-09-20\gen\outputs\GeoModelBridge\releases\Preflight-20261003/./docs/evidence/V0.2.2/windows-deployment.log
-- Installing: C:\Users\Jasper\Documents\Codex\2026-09-20\gen\outputs\GeoModelBridge\releases\Preflight-20261003/./docs/evidence/V0.2.2/windows-examples.json
-- Installing: C:\Users\Jasper\Documents\Codex\2026-09-20\gen\outputs\GeoModelBridge\releases\Preflight-20261003/./docs/evidence/V0.2.2/windows-examples.log
-- Installing: C:\Users\Jasper\Documents\Codex\2026-09-20\gen\outputs\GeoModelBridge\releases\Preflight-20261003/./docs/evidence/V0.2.2/windows-gui.json
-- Installing: C:\Users\Jasper\Documents\Codex\2026-09-20\gen\outputs\GeoModelBridge\releases\Preflight-20261003/./docs/evidence/V0.2.2/windows-gui.log
-- Installing: C:\Users\Jasper\Documents\Codex\2026-09-20\gen\outputs\GeoModelBridge\releases\Preflight-20261003/./docs/evidence/V0.2.2/windows-help-build.log
-- Installing: C:\Users\Jasper\Documents\Codex\2026-09-20\gen\outputs\GeoModelBridge\releases\Preflight-20261003/./docs/evidence/V0.2.2/windows-native.json
-- Installing: C:\Users\Jasper\Documents\Codex\2026-09-20\gen\outputs\GeoModelBridge\releases\Preflight-20261003/./docs/evidence/V0.2.2/windows-native.log
-- Installing: C:\Users\Jasper\Documents\Codex\2026-09-20\gen\outputs\GeoModelBridge\releases\Preflight-20261003/./docs/evidence/V0.2.2/windows-normals.log
-- Installing: C:\Users\Jasper\Documents\Codex\2026-09-20\gen\outputs\GeoModelBridge\releases\Preflight-20261003/./docs/evidence/V0.2.2/windows-package.log
-- Installing: C:\Users\Jasper\Documents\Codex\2026-09-20\gen\outputs\GeoModelBridge\releases\Preflight-20261003/./docs/evidence/V0.2.2/windows-python-client.json
-- Installing: C:\Users\Jasper\Documents\Codex\2026-09-20\gen\outputs\GeoModelBridge\releases\Preflight-20261003/./docs/evidence/V0.2.2/windows-python-client.log
-- Installing: C:\Users\Jasper\Documents\Codex\2026-09-20\gen\outputs\GeoModelBridge\releases\Preflight-20261003/./docs/evidence/V0.2.2/windows-python-unit.log
-- Installing: C:\Users\Jasper\Documents\Codex\2026-09-20\gen\outputs\GeoModelBridge\releases\Preflight-20261003/./docs/evidence/V0.2.2/windows-textures.log
-- Installing: C:\Users\Jasper\Documents\Codex\2026-09-20\gen\outputs\GeoModelBridge\releases\Preflight-20261003/./docs/evidence/V0.2.2/windows-version.log
-- Installing: C:\Users\Jasper\Documents\Codex\2026-09-20\gen\outputs\GeoModelBridge\releases\Preflight-20261003/./docs/evidence/V0.5.0
-- Installing: C:\Users\Jasper\Documents\Codex\2026-09-20\gen\outputs\GeoModelBridge\releases\Preflight-20261003/./docs/evidence/V0.5.0/source-match.json
-- Installing: C:\Users\Jasper\Documents\Codex\2026-09-20\gen\outputs\GeoModelBridge\releases\Preflight-20261003/./docs/evidence/V0.5.0/ubuntu-build.log
-- Installing: C:\Users\Jasper\Documents\Codex\2026-09-20\gen\outputs\GeoModelBridge\releases\Preflight-20261003/./docs/evidence/V0.5.0/ubuntu-dependencies.log
-- Installing: C:\Users\Jasper\Documents\Codex\2026-09-20\gen\outputs\GeoModelBridge\releases\Preflight-20261003/./docs/evidence/V0.5.0/ubuntu-deployment.json
-- Installing: C:\Users\Jasper\Documents\Codex\2026-09-20\gen\outputs\GeoModelBridge\releases\Preflight-20261003/./docs/evidence/V0.5.0/ubuntu-deployment.log
-- Installing: C:\Users\Jasper\Documents\Codex\2026-09-20\gen\outputs\GeoModelBridge\releases\Preflight-20261003/./docs/evidence/V0.5.0/ubuntu-examples.log
-- Installing: C:\Users\Jasper\Documents\Codex\2026-09-20\gen\outputs\GeoModelBridge\releases\Preflight-20261003/./docs/evidence/V0.5.0/ubuntu-formats.json
-- Installing: C:\Users\Jasper\Documents\Codex\2026-09-20\gen\outputs\GeoModelBridge\releases\Preflight-20261003/./docs/evidence/V0.5.0/ubuntu-native.json
-- Installing: C:\Users\Jasper\Documents\Codex\2026-09-20\gen\outputs\GeoModelBridge\releases\Preflight-20261003/./docs/evidence/V0.5.0/ubuntu-native.log
-- Installing: C:\Users\Jasper\Documents\Codex\2026-09-20\gen\outputs\GeoModelBridge\releases\Preflight-20261003/./docs/evidence/V0.5.0/ubuntu-normals.log
-- Installing: C:\Users\Jasper\Documents\Codex\2026-09-20\gen\outputs\GeoModelBridge\releases\Preflight-20261003/./docs/evidence/V0.5.0/ubuntu-package.log
-- Installing: C:\Users\Jasper\Documents\Codex\2026-09-20\gen\outputs\GeoModelBridge\releases\Preflight-20261003/./docs/evidence/V0.5.0/ubuntu-python-client.json
-- Installing: C:\Users\Jasper\Documents\Codex\2026-09-20\gen\outputs\GeoModelBridge\releases\Preflight-20261003/./docs/evidence/V0.5.0/ubuntu-python-client.log
-- Installing: C:\Users\Jasper\Documents\Codex\2026-09-20\gen\outputs\GeoModelBridge\releases\Preflight-20261003/./docs/evidence/V0.5.0/ubuntu-python-unit.log
-- Installing: C:\Users\Jasper\Documents\Codex\2026-09-20\gen\outputs\GeoModelBridge\releases\Preflight-20261003/./docs/evidence/V0.5.0/ubuntu-textures.log
-- Installing: C:\Users\Jasper\Documents\Codex\2026-09-20\gen\outputs\GeoModelBridge\releases\Preflight-20261003/./docs/evidence/V0.5.0/ubuntu-version.log
-- Installing: C:\Users\Jasper\Documents\Codex\2026-09-20\gen\outputs\GeoModelBridge\releases\Preflight-20261003/./docs/evidence/V0.5.0/ubuntu-wrl-final.log
-- Installing: C:\Users\Jasper\Documents\Codex\2026-09-20\gen\outputs\GeoModelBridge\releases\Preflight-20261003/./docs/evidence/V0.5.0/windows-build.log
-- Installing: C:\Users\Jasper\Documents\Codex\2026-09-20\gen\outputs\GeoModelBridge\releases\Preflight-20261003/./docs/evidence/V0.5.0/windows-dependencies.log
-- Installing: C:\Users\Jasper\Documents\Codex\2026-09-20\gen\outputs\GeoModelBridge\releases\Preflight-20261003/./docs/evidence/V0.5.0/windows-deployment.json
-- Installing: C:\Users\Jasper\Documents\Codex\2026-09-20\gen\outputs\GeoModelBridge\releases\Preflight-20261003/./docs/evidence/V0.5.0/windows-examples.log
-- Installing: C:\Users\Jasper\Documents\Codex\2026-09-20\gen\outputs\GeoModelBridge\releases\Preflight-20261003/./docs/evidence/V0.5.0/windows-formats.json
-- Installing: C:\Users\Jasper\Documents\Codex\2026-09-20\gen\outputs\GeoModelBridge\releases\Preflight-20261003/./docs/evidence/V0.5.0/windows-gui.json
-- Installing: C:\Users\Jasper\Documents\Codex\2026-09-20\gen\outputs\GeoModelBridge\releases\Preflight-20261003/./docs/evidence/V0.5.0/windows-native.json
-- Installing: C:\Users\Jasper\Documents\Codex\2026-09-20\gen\outputs\GeoModelBridge\releases\Preflight-20261003/./docs/evidence/V0.5.0/windows-native.log
-- Installing: C:\Users\Jasper\Documents\Codex\2026-09-20\gen\outputs\GeoModelBridge\releases\Preflight-20261003/./docs/evidence/V0.5.0/windows-normals.log
-- Installing: C:\Users\Jasper\Documents\Codex\2026-09-20\gen\outputs\GeoModelBridge\releases\Preflight-20261003/./docs/evidence/V0.5.0/windows-package.log
-- Installing: C:\Users\Jasper\Documents\Codex\2026-09-20\gen\outputs\GeoModelBridge\releases\Preflight-20261003/./docs/evidence/V0.5.0/windows-python-client.json
-- Installing: C:\Users\Jasper\Documents\Codex\2026-09-20\gen\outputs\GeoModelBridge\releases\Preflight-20261003/./docs/evidence/V0.5.0/windows-python-client.log
-- Installing: C:\Users\Jasper\Documents\Codex\2026-09-20\gen\outputs\GeoModelBridge\releases\Preflight-20261003/./docs/evidence/V0.5.0/windows-python-unit.log
-- Installing: C:\Users\Jasper\Documents\Codex\2026-09-20\gen\outputs\GeoModelBridge\releases\Preflight-20261003/./docs/evidence/V0.5.0/windows-textures.log
-- Installing: C:\Users\Jasper\Documents\Codex\2026-09-20\gen\outputs\GeoModelBridge\releases\Preflight-20261003/./docs/evidence/V0.5.0/windows-version.log
-- Installing: C:\Users\Jasper\Documents\Codex\2026-09-20\gen\outputs\GeoModelBridge\releases\Preflight-20261003/./docs/evidence/V0.5.0/windows-wrl-final.log
-- Installing: C:\Users\Jasper\Documents\Codex\2026-09-20\gen\outputs\GeoModelBridge\releases\Preflight-20261003/./docs/evidence/V0.6.0
-- Installing: C:\Users\Jasper\Documents\Codex\2026-09-20\gen\outputs\GeoModelBridge\releases\Preflight-20261003/./docs/evidence/V0.6.0/source-match.json
-- Installing: C:\Users\Jasper\Documents\Codex\2026-09-20\gen\outputs\GeoModelBridge\releases\Preflight-20261003/./docs/evidence/V0.6.0/source-sha256.json
-- Installing: C:\Users\Jasper\Documents\Codex\2026-09-20\gen\outputs\GeoModelBridge\releases\Preflight-20261003/./docs/evidence/V0.6.0/ubuntu-build.log
-- Installing: C:\Users\Jasper\Documents\Codex\2026-09-20\gen\outputs\GeoModelBridge\releases\Preflight-20261003/./docs/evidence/V0.6.0/ubuntu-dependencies.log
-- Installing: C:\Users\Jasper\Documents\Codex\2026-09-20\gen\outputs\GeoModelBridge\releases\Preflight-20261003/./docs/evidence/V0.6.0/ubuntu-deployment.json
-- Installing: C:\Users\Jasper\Documents\Codex\2026-09-20\gen\outputs\GeoModelBridge\releases\Preflight-20261003/./docs/evidence/V0.6.0/ubuntu-deployment.log
-- Installing: C:\Users\Jasper\Documents\Codex\2026-09-20\gen\outputs\GeoModelBridge\releases\Preflight-20261003/./docs/evidence/V0.6.0/ubuntu-examples.log
-- Installing: C:\Users\Jasper\Documents\Codex\2026-09-20\gen\outputs\GeoModelBridge\releases\Preflight-20261003/./docs/evidence/V0.6.0/ubuntu-final-checks.log
-- Installing: C:\Users\Jasper\Documents\Codex\2026-09-20\gen\outputs\GeoModelBridge\releases\Preflight-20261003/./docs/evidence/V0.6.0/ubuntu-native.json
-- Installing: C:\Users\Jasper\Documents\Codex\2026-09-20\gen\outputs\GeoModelBridge\releases\Preflight-20261003/./docs/evidence/V0.6.0/ubuntu-native.log
-- Installing: C:\Users\Jasper\Documents\Codex\2026-09-20\gen\outputs\GeoModelBridge\releases\Preflight-20261003/./docs/evidence/V0.6.0/ubuntu-normals.log
-- Installing: C:\Users\Jasper\Documents\Codex\2026-09-20\gen\outputs\GeoModelBridge\releases\Preflight-20261003/./docs/evidence/V0.6.0/ubuntu-package.log
-- Installing: C:\Users\Jasper\Documents\Codex\2026-09-20\gen\outputs\GeoModelBridge\releases\Preflight-20261003/./docs/evidence/V0.6.0/ubuntu-python-client.json
-- Installing: C:\Users\Jasper\Documents\Codex\2026-09-20\gen\outputs\GeoModelBridge\releases\Preflight-20261003/./docs/evidence/V0.6.0/ubuntu-python-client.log
-- Installing: C:\Users\Jasper\Documents\Codex\2026-09-20\gen\outputs\GeoModelBridge\releases\Preflight-20261003/./docs/evidence/V0.6.0/ubuntu-python-unit.log
-- Installing: C:\Users\Jasper\Documents\Codex\2026-09-20\gen\outputs\GeoModelBridge\releases\Preflight-20261003/./docs/evidence/V0.6.0/ubuntu-textures.log
-- Installing: C:\Users\Jasper\Documents\Codex\2026-09-20\gen\outputs\GeoModelBridge\releases\Preflight-20261003/./docs/evidence/V0.6.0/ubuntu-version.log
-- Installing: C:\Users\Jasper\Documents\Codex\2026-09-20\gen\outputs\GeoModelBridge\releases\Preflight-20261003/./docs/evidence/V0.6.0/windows-ctest.log
-- Installing: C:\Users\Jasper\Documents\Codex\2026-09-20\gen\outputs\GeoModelBridge\releases\Preflight-20261003/./docs/evidence/V0.6.0/windows-dependencies.log
-- Installing: C:\Users\Jasper\Documents\Codex\2026-09-20\gen\outputs\GeoModelBridge\releases\Preflight-20261003/./docs/evidence/V0.6.0/windows-deployment.json
-- Installing: C:\Users\Jasper\Documents\Codex\2026-09-20\gen\outputs\GeoModelBridge\releases\Preflight-20261003/./docs/evidence/V0.6.0/windows-examples.log
-- Installing: C:\Users\Jasper\Documents\Codex\2026-09-20\gen\outputs\GeoModelBridge\releases\Preflight-20261003/./docs/evidence/V0.6.0/windows-final-build.log
-- Installing: C:\Users\Jasper\Documents\Codex\2026-09-20\gen\outputs\GeoModelBridge\releases\Preflight-20261003/./docs/evidence/V0.6.0/windows-gui-final.log
-- Installing: C:\Users\Jasper\Documents\Codex\2026-09-20\gen\outputs\GeoModelBridge\releases\Preflight-20261003/./docs/evidence/V0.6.0/windows-gui.json
-- Installing: C:\Users\Jasper\Documents\Codex\2026-09-20\gen\outputs\GeoModelBridge\releases\Preflight-20261003/./docs/evidence/V0.6.0/windows-max-native.log
-- Installing: C:\Users\Jasper\Documents\Codex\2026-09-20\gen\outputs\GeoModelBridge\releases\Preflight-20261003/./docs/evidence/V0.6.0/windows-max-protocol-native.json
-- Installing: C:\Users\Jasper\Documents\Codex\2026-09-20\gen\outputs\GeoModelBridge\releases\Preflight-20261003/./docs/evidence/V0.6.0/windows-native.json
-- Installing: C:\Users\Jasper\Documents\Codex\2026-09-20\gen\outputs\GeoModelBridge\releases\Preflight-20261003/./docs/evidence/V0.6.0/windows-native.log
-- Installing: C:\Users\Jasper\Documents\Codex\2026-09-20\gen\outputs\GeoModelBridge\releases\Preflight-20261003/./docs/evidence/V0.6.0/windows-normals.log
-- Installing: C:\Users\Jasper\Documents\Codex\2026-09-20\gen\outputs\GeoModelBridge\releases\Preflight-20261003/./docs/evidence/V0.6.0/windows-package.log
-- Installing: C:\Users\Jasper\Documents\Codex\2026-09-20\gen\outputs\GeoModelBridge\releases\Preflight-20261003/./docs/evidence/V0.6.0/windows-python-client.json
-- Installing: C:\Users\Jasper\Documents\Codex\2026-09-20\gen\outputs\GeoModelBridge\releases\Preflight-20261003/./docs/evidence/V0.6.0/windows-python-client.log
-- Installing: C:\Users\Jasper\Documents\Codex\2026-09-20\gen\outputs\GeoModelBridge\releases\Preflight-20261003/./docs/evidence/V0.6.0/windows-python-unit.log
-- Installing: C:\Users\Jasper\Documents\Codex\2026-09-20\gen\outputs\GeoModelBridge\releases\Preflight-20261003/./docs/evidence/V0.6.0/windows-textures.log
-- Installing: C:\Users\Jasper\Documents\Codex\2026-09-20\gen\outputs\GeoModelBridge\releases\Preflight-20261003/./docs/evidence/V0.6.0/windows-version.log
-- Installing: C:\Users\Jasper\Documents\Codex\2026-09-20\gen\outputs\GeoModelBridge\releases\Preflight-20261003/./docs/filegdb-api.md
-- Installing: C:\Users\Jasper\Documents\Codex\2026-09-20\gen\outputs\GeoModelBridge\releases\Preflight-20261003/./docs/glb.md
-- Installing: C:\Users\Jasper\Documents\Codex\2026-09-20\gen\outputs\GeoModelBridge\releases\Preflight-20261003/./docs/gui.md
-- Installing: C:\Users\Jasper\Documents\Codex\2026-09-20\gen\outputs\GeoModelBridge\releases\Preflight-20261003/./docs/max-adapter.md
-- Installing: C:\Users\Jasper\Documents\Codex\2026-09-20\gen\outputs\GeoModelBridge\releases\Preflight-20261003/./docs/max-roadmap.md
-- Installing: C:\Users\Jasper\Documents\Codex\2026-09-20\gen\outputs\GeoModelBridge\releases\Preflight-20261003/./docs/python-client.md
-- Installing: C:\Users\Jasper\Documents\Codex\2026-09-20\gen\outputs\GeoModelBridge\releases\Preflight-20261003/./docs/roadmap.md
-- Installing: C:\Users\Jasper\Documents\Codex\2026-09-20\gen\outputs\GeoModelBridge\releases\Preflight-20261003/./docs/validation-boundary-2026-10-03.md
-- Installing: C:\Users\Jasper\Documents\Codex\2026-09-20\gen\outputs\GeoModelBridge\releases\Preflight-20261003/./docs/validation-dae-2026-09-30.md
-- Installing: C:\Users\Jasper\Documents\Codex\2026-09-20\gen\outputs\GeoModelBridge\releases\Preflight-20261003/./docs/validation-dae-optimization-2026-10-02.md
-- Installing: C:\Users\Jasper\Documents\Codex\2026-09-20\gen\outputs\GeoModelBridge\releases\Preflight-20261003/./docs/validation-max-hardening-2026-09-27.md
-- Installing: C:\Users\Jasper\Documents\Codex\2026-09-20\gen\outputs\GeoModelBridge\releases\Preflight-20261003/./docs/validation-results.md
-- Installing: C:\Users\Jasper\Documents\Codex\2026-09-20\gen\outputs\GeoModelBridge\releases\Preflight-20261003/./docs/validation-v0.1.1.md
-- Installing: C:\Users\Jasper\Documents\Codex\2026-09-20\gen\outputs\GeoModelBridge\releases\Preflight-20261003/./docs/validation-v0.1.10.md
-- Installing: C:\Users\Jasper\Documents\Codex\2026-09-20\gen\outputs\GeoModelBridge\releases\Preflight-20261003/./docs/validation-v0.1.11.md
-- Installing: C:\Users\Jasper\Documents\Codex\2026-09-20\gen\outputs\GeoModelBridge\releases\Preflight-20261003/./docs/validation-v0.1.12.md
-- Installing: C:\Users\Jasper\Documents\Codex\2026-09-20\gen\outputs\GeoModelBridge\releases\Preflight-20261003/./docs/validation-v0.1.13.md
-- Installing: C:\Users\Jasper\Documents\Codex\2026-09-20\gen\outputs\GeoModelBridge\releases\Preflight-20261003/./docs/validation-v0.1.14.md
-- Installing: C:\Users\Jasper\Documents\Codex\2026-09-20\gen\outputs\GeoModelBridge\releases\Preflight-20261003/./docs/validation-v0.1.2.md
-- Installing: C:\Users\Jasper\Documents\Codex\2026-09-20\gen\outputs\GeoModelBridge\releases\Preflight-20261003/./docs/validation-v0.1.3.md
-- Installing: C:\Users\Jasper\Documents\Codex\2026-09-20\gen\outputs\GeoModelBridge\releases\Preflight-20261003/./docs/validation-v0.1.4.md
-- Installing: C:\Users\Jasper\Documents\Codex\2026-09-20\gen\outputs\GeoModelBridge\releases\Preflight-20261003/./docs/validation-v0.1.5.md
-- Installing: C:\Users\Jasper\Documents\Codex\2026-09-20\gen\outputs\GeoModelBridge\releases\Preflight-20261003/./docs/validation-v0.1.6.md
-- Installing: C:\Users\Jasper\Documents\Codex\2026-09-20\gen\outputs\GeoModelBridge\releases\Preflight-20261003/./docs/validation-v0.1.7.md
-- Installing: C:\Users\Jasper\Documents\Codex\2026-09-20\gen\outputs\GeoModelBridge\releases\Preflight-20261003/./docs/validation-v0.1.8.md
-- Installing: C:\Users\Jasper\Documents\Codex\2026-09-20\gen\outputs\GeoModelBridge\releases\Preflight-20261003/./docs/validation-v0.1.9.md
-- Installing: C:\Users\Jasper\Documents\Codex\2026-09-20\gen\outputs\GeoModelBridge\releases\Preflight-20261003/./docs/validation-v0.2.1.md
-- Installing: C:\Users\Jasper\Documents\Codex\2026-09-20\gen\outputs\GeoModelBridge\releases\Preflight-20261003/./docs/validation-v0.2.2.md
-- Installing: C:\Users\Jasper\Documents\Codex\2026-09-20\gen\outputs\GeoModelBridge\releases\Preflight-20261003/./docs/validation-v0.2.md
-- Installing: C:\Users\Jasper\Documents\Codex\2026-09-20\gen\outputs\GeoModelBridge\releases\Preflight-20261003/./docs/validation-v0.3.0.md
-- Installing: C:\Users\Jasper\Documents\Codex\2026-09-20\gen\outputs\GeoModelBridge\releases\Preflight-20261003/./docs/validation-v0.4.0.md
-- Installing: C:\Users\Jasper\Documents\Codex\2026-09-20\gen\outputs\GeoModelBridge\releases\Preflight-20261003/./docs/validation-v0.5.0.md
-- Installing: C:\Users\Jasper\Documents\Codex\2026-09-20\gen\outputs\GeoModelBridge\releases\Preflight-20261003/./docs/validation-v0.6.0.md
-- Installing: C:\Users\Jasper\Documents\Codex\2026-09-20\gen\outputs\GeoModelBridge\releases\Preflight-20261003/./docs/visual-acceptance-setup.md
-- Installing: C:\Users\Jasper\Documents\Codex\2026-09-20\gen\outputs\GeoModelBridge\releases\Preflight-20261003/./docs/wrl.md
-- Installing: C:\Users\Jasper\Documents\Codex\2026-09-20\gen\outputs\GeoModelBridge\releases\Preflight-20261003/./README.md
-- Installing: C:\Users\Jasper\Documents\Codex\2026-09-20\gen\outputs\GeoModelBridge\releases\Preflight-20261003/./VERSION
-- Installing: C:\Users\Jasper\Documents\Codex\2026-09-20\gen\outputs\GeoModelBridge\releases\Preflight-20261003/./CHANGELOG.md
-- Installing: C:\Users\Jasper\Documents\Codex\2026-09-20\gen\outputs\GeoModelBridge\releases\Preflight-20261003/./THIRD_PARTY_NOTICES.md
-- Installing: C:\Users\Jasper\Documents\Codex\2026-09-20\gen\outputs\GeoModelBridge\releases\Preflight-20261003/licenses/ufbx/LICENSE
-- Installing: C:\Users\Jasper\Documents\Codex\2026-09-20\gen\outputs\GeoModelBridge\releases\Preflight-20261003/licenses/nlohmann/LICENSE.MIT
{"arcgis_pro_required":false,"backend":"native-filegdb","filegdb_api":"1.5.5","status":"available","version":"0.6.0"}
  正在确定要还原的项目…
  所有项目均是最新的，无法还原。
  GeoModelBridge.Gui.Core -> C:\Users\Jasper\Documents\Codex\2026-09-20\gen\outputs\GeoModelBridge\apps\GeoModelBridge.Gui.Core\bin\Release\net8.0\GeoModelBridge.Gui.Core.dll
  GeoModelBridge.Gui -> C:\Users\Jasper\Documents\Codex\2026-09-20\gen\outputs\GeoModelBridge\apps\GeoModelBridge.Gui\bin\Release\net8.0-windows\win-x64\geomodelbridgeGUI.dll
  GeoModelBridge.Gui -> C:\Users\Jasper\Documents\Codex\2026-09-20\gen\outputs\GeoModelBridge\releases\Preflight-20261003\bin\
Installed 3 original .NET runtime notice files: C:\Users\Jasper\Documents\Codex\2026-09-20\gen\outputs\GeoModelBridge\releases\Preflight-20261003\licenses\dotnet
GUI: C:\Users\Jasper\Documents\Codex\2026-09-20\gen\outputs\GeoModelBridge\releases\Preflight-20261003\bin\geomodelbridgeGUI.exe
Verified tinyxml2 10.0.0
Verified cgltf 1.15
Verified ufbx 0.23.0
Verified nlohmann/json 3.12.0
Verified libjpeg-turbo (Windows decoder) 3.1.4.1
Verified libpng (Windows decoder) 1.6.58
Verified zlib (Windows decoder) 1.3.2
Verified FileGDB API 1.5.5.330 runtime and original license files
GeoModelBridge built and tested. CLI: C:\Users\Jasper\Documents\Codex\2026-09-20\gen\outputs\GeoModelBridge\releases\Preflight-20261003\bin\geomodelbridge.exe
Native writer: C:\Users\Jasper\Documents\Codex\2026-09-20\gen\outputs\GeoModelBridge\releases\Preflight-20261003\bin\native-filegdb\GeoModelBridge.NativeWriter.exe (runtime bundling: ON)
CLI help: geomodelbridge.exe convert -h; sequential calling examples: docs/command-line.md
